job_id,num_gpu,submit_time,iterations,model_name,batch_size,duration,interval,iteration_time,resource_time_0,resource_time_1,resource_time_2,priority
0,8,0,10956,gpt2,4,5095000,91000,437,0.6,419,49,0
1,8,1534000,1463,vgg16,16,281000,28000,214,82,75,66,1
2,8,6812000,464903,a2c,64,255697000,10000,555,502,14,0.4,0
3,8,6836000,841802,vgg19,16,165835000,15000,226,82,88,60,0
4,8,6865000,145492,vgg19,16,28662000,28000,226,82,88,60,0
5,8,6942000,1068026,vgg16,16,205061000,3000,214,82,75,66,0
6,8,6964000,444860,gpt2,4,206860000,5000,437,0.6,419,49,1
7,8,6990000,375525,a2c,64,206539000,1000,555,502,14,0.4,1
8,8,7043000,205080,resnet18,128,193391000,18000,1010,784,117,77,1
9,8,7065000,316604,vgg19,16,62371000,22000,226,82,88,60,0
10,8,7089000,86075,dqn,128,43296000,10000,509,435,8,0.5,1
11,8,7371000,834,gpt2,4,388000,4000,437,0.6,419,49,0
12,32,8552000,164765,vgg16,16,52066000,36000,336,87,67,131,1
13,32,8576000,290298,a2c,64,166341000,8000,585,507,14,2,0
14,8,14177000,17994,vgg19,16,3545000,78000,226,82,88,60,1
15,8,14194000,8192,vgg19,16,1614000,17000,226,82,88,60,0
16,8,16116000,40597,shufflenet_v2_x1_0,128,37147000,7000,957,769,57,10,0
17,8,16122000,57857,shufflenet_v2_x1_0,128,52940000,6000,957,769,57,10,1
18,8,16128000,344482,vgg19,16,67863000,6000,226,82,88,60,0
19,8,16180000,288339,resnet18,128,271904000,52000,1010,784,117,77,0
20,8,16189000,95445,dqn,128,48009000,9000,509,435,8,0.5,0
21,8,16194000,217372,bert,4,53691000,5000,192,0.5,167,59,0
22,8,16200000,202926,shufflenet_v2_x1_0,128,185678000,6000,957,769,57,10,1
23,8,16255000,260970,shufflenet_v2_x1_0,128,238788000,55000,957,769,57,10,1
24,8,16261000,43460,resnet18,128,40983000,6000,1010,784,117,77,0
25,8,16266000,43000,resnet18,128,40549000,5000,1010,784,117,77,0
26,8,16357000,65,resnet18,128,62000,64000,1010,784,117,77,1
27,8,16395000,1230,resnet18,128,1160000,38000,1010,784,117,77,0
28,8,16424000,392,a2c,64,216000,29000,555,502,14,0.4,0
29,8,16505000,3177,resnet18,128,2996000,81000,1010,784,117,77,1
30,8,16519000,463,dqn,128,233000,14000,509,435,8,0.5,1
31,8,18495000,29,a2c,64,16000,572000,555,502,14,0.4,0
32,8,20893000,4166,resnet18,128,3929000,584000,1010,784,117,77,0
33,8,20909000,294,a2c,64,162000,16000,555,502,14,0.4,0
34,8,98995000,9521,a2c,64,5237000,86000,555,502,14,0.4,1
35,1,107845000,7447,shufflenet_v2_x1_0,128,5794000,535000,798,706,59,0,0
36,8,172977000,1645,a2c,64,905000,268000,555,502,14,0.4,0
37,8,198914000,1822,vgg19,16,359000,259000,226,82,88,60,1
38,8,229238000,369612,a2c,64,203287000,116000,555,502,14,0.4,1
39,8,261601000,2817,vgg19,16,555000,94000,226,82,88,60,0
40,8,263615000,41697,vgg16,16,8006000,17000,214,82,75,66,0
41,32,271083000,189465,a2c,64,108564000,17000,585,507,14,2,0
42,32,271106000,96478,gpt2,4,52774000,19000,514,0.7,414,216,0
43,32,271128000,299367,resnet18,128,58676000,9000,1059,103,17,13,1
44,8,271995000,927,shufflenet_v2_x1_0,128,849000,1000,957,769,57,10,1
45,1,274404000,176,resnet18,128,132000,25000,779,711,110,0,0
46,1,275116000,58,resnet18,128,44000,409000,779,711,110,0,1
47,1,275456000,108,dqn,128,53000,149000,490,446,8,0,1
48,1,276306000,343,resnet18,128,257000,41000,779,711,110,0,0
49,1,277329000,12568,vgg16,16,1659000,222000,107,117,68,0,0
50,4,278218000,875,dqn,128,449000,503000,505,440,8,0.4,0
51,1,278883000,1240,a2c,64,660000,254000,517,514,14,0,0
52,1,278981000,6295,vgg16,16,831000,74000,107,117,68,0,1
53,4,278991000,1524,a2c,64,828000,10000,533,502,10,0.3,1
54,4,284538000,35,shufflenet_v2_x1_0,128,32000,21000,886,703,62,17,1
55,4,285073000,807,vgg16,16,155000,100000,201,82,72,67,1
56,4,285426000,1002,gpt2,4,459000,353000,433,0.6,413,20,0
57,8,306367000,223492,shufflenet_v2_x1_0,128,204496000,326000,957,769,57,10,1
58,8,306372000,402554,dqn,128,202485000,5000,509,435,8,0.5,0
59,8,306412000,1018630,vgg16,16,195577000,40000,214,82,75,66,0
60,8,306415000,981761,bert,4,242495000,3000,192,0.5,167,59,1
61,8,306419000,420612,a2c,64,231337000,4000,555,502,14,0.4,0
62,8,511186000,868,dqn,128,437000,78000,509,435,8,0.5,1
63,8,511580000,666,gpt2,4,310000,394000,437,0.6,419,49,0
64,8,516916000,4472,vgg19,16,881000,30000,226,82,88,60,0
65,8,517074000,749,resnet18,128,707000,158000,1010,784,117,77,1
66,8,518612000,2703,vgg16,16,519000,305000,214,82,75,66,0
67,8,531683000,2578,bert,4,637000,175000,192,0.5,167,59,0
68,8,531765000,770,vgg16,16,148000,82000,214,82,75,66,1
69,8,531836000,103,dqn,128,52000,71000,509,435,8,0.5,1
70,8,531865000,105,dqn,128,53000,29000,509,435,8,0.5,1
71,8,532174000,293760,a2c,64,161568000,67000,555,502,14,0.4,1
72,8,532196000,175063,resnet18,128,165085000,22000,1010,784,117,77,0
73,8,532218000,180184,resnet18,128,169914000,22000,1010,784,117,77,1
74,8,532239000,175264,resnet18,128,165274000,21000,1010,784,117,77,0
75,8,532277000,355946,gpt2,4,165515000,38000,437,0.6,419,49,1
76,4,534997000,198,dqn,128,102000,489000,505,440,8,0.4,1
77,4,535115000,156,vgg16,16,30000,8000,201,82,72,67,0
78,4,535264000,26,resnet18,128,23000,149000,921,723,113,73,1
79,4,536141000,45,gpt2,4,21000,434000,433,0.6,413,20,0
80,4,536312000,58,gpt2,4,27000,5000,433,0.6,413,20,0
81,32,536346000,150988,vgg19,16,50430000,34000,356,89,79,141,0
82,32,536369000,82649,a2c,64,47358000,23000,585,507,14,2,0
83,32,536391000,50763,shufflenet_v2_x1_0,128,51170000,22000,1019,799,56,24,0
84,4,536927000,99,bert,4,23000,20000,190,0.5,163,18,1
85,4,537357000,111,vgg19,16,23000,430000,212,84,85,73,1
86,4,537575000,337,resnet18,128,296000,68000,921,723,113,73,0
87,4,538440000,99,shufflenet_v2_x1_0,128,89000,333000,886,703,62,17,1
88,8,538751000,581,a2c,64,320000,44000,555,502,14,0.4,0
89,8,539066000,7791,vgg16,16,1496000,315000,214,82,75,66,0
90,8,540781000,226,dqn,128,114000,274000,509,435,8,0.5,0
91,8,540893000,106,vgg19,16,21000,112000,226,82,88,60,0
92,8,541129000,1488,resnet18,128,1404000,22000,1010,784,117,77,1
93,8,543129000,2225,a2c,64,1224000,218000,555,502,14,0.4,1
94,8,543696000,4263,bert,4,1053000,188000,192,0.5,167,59,1
95,8,545260000,1965,gpt2,4,914000,64000,437,0.6,419,49,0
96,8,545978000,7072,vgg16,16,1358000,71000,214,82,75,66,0
97,8,546126000,1003,resnet18,128,946000,148000,1010,784,117,77,0
98,8,546543000,524,gpt2,4,244000,36000,437,0.6,419,49,0
99,8,546799000,2394,shufflenet_v2_x1_0,128,2191000,184000,957,769,57,10,0
100,8,546929000,5052,bert,4,1248000,130000,192,0.5,167,59,1
101,8,555003000,1077,resnet18,128,1016000,54000,1010,784,117,77,0
102,4,556052000,70407,dqn,128,36119000,1000,505,440,8,0.4,1
103,8,557488000,34,resnet18,128,33000,180000,1010,784,117,77,1
104,8,557804000,1651,bert,4,408000,71000,192,0.5,167,59,0
105,8,558290000,149,resnet18,128,141000,383000,1010,784,117,77,0
106,8,560437000,972,resnet18,128,917000,130000,1010,784,117,77,0
107,8,561547000,4234,bert,4,1046000,40000,192,0.5,167,59,1
108,8,567385000,168,dqn,128,85000,171000,509,435,8,0.5,0
109,8,575385000,396,a2c,64,218000,78000,555,502,14,0.4,0
110,8,575790000,429,a2c,64,236000,181000,555,502,14,0.4,1
111,8,576218000,2169,gpt2,4,1009000,311000,437,0.6,419,49,0
112,32,608019000,201790,bert,4,54887000,312000,260,0.5,166,133,1
113,32,608040000,46571,shufflenet_v2_x1_0,128,46944000,21000,1019,799,56,24,0
114,32,608063000,87579,gpt2,4,47906000,23000,514,0.7,414,216,1
115,32,608085000,112282,a2c,64,64338000,22000,585,507,14,2,1
116,32,608107000,88429,gpt2,4,48371000,22000,514,0.7,414,216,1
117,8,615124000,127,dqn,128,64000,175000,509,435,8,0.5,1
118,8,615287000,156,a2c,64,86000,163000,555,502,14,0.4,1
119,8,615904000,59,shufflenet_v2_x1_0,128,54000,89000,957,769,57,10,1
120,8,616017000,1769,dqn,128,890000,113000,509,435,8,0.5,0
121,8,616035000,723,vgg16,16,139000,18000,214,82,75,66,0
122,8,616393000,700,vgg19,16,138000,149000,226,82,88,60,1
123,8,617767000,535,shufflenet_v2_x1_0,128,490000,160000,957,769,57,10,1
124,8,619338000,4567,vgg16,16,877000,231000,214,82,75,66,1
125,8,620333000,2505,vgg16,16,481000,26000,214,82,75,66,0
126,8,620921000,974,shufflenet_v2_x1_0,128,892000,14000,957,769,57,10,1
127,8,621499000,5213,vgg19,16,1027000,578000,226,82,88,60,0
128,8,622847000,11010,vgg16,16,2114000,140000,214,82,75,66,1
129,8,624875000,4614,vgg16,16,886000,368000,214,82,75,66,0
130,8,626030000,442,vgg16,16,85000,323000,214,82,75,66,1
131,8,626524000,983,resnet18,128,927000,217000,1010,784,117,77,0
132,8,627532000,1019,resnet18,128,961000,24000,1010,784,117,77,1
133,8,627795000,945,resnet18,128,892000,131000,1010,784,117,77,0
134,8,627855000,2010,gpt2,4,935000,60000,437,0.6,419,49,1
135,32,628332000,236,vgg19,16,79000,225000,356,89,79,141,0
136,8,628913000,842,vgg19,16,166000,206000,226,82,88,60,1
137,32,628974000,910,vgg19,16,304000,61000,356,89,79,141,0
138,8,629036000,230,gpt2,4,107000,62000,437,0.6,419,49,1
139,8,629099000,185,shufflenet_v2_x1_0,128,170000,63000,957,769,57,10,0
140,8,630532000,4692,vgg16,16,901000,25000,214,82,75,66,0
141,8,632386000,1935,gpt2,4,900000,79000,437,0.6,419,49,0
142,8,633594000,406,vgg19,16,80000,17000,226,82,88,60,1
143,8,634096000,6281,vgg16,16,1206000,3000,214,82,75,66,0
144,8,634712000,178,gpt2,4,83000,5000,437,0.6,419,49,1
145,8,634884000,101625,vgg16,16,19512000,48000,214,82,75,66,0
146,8,645644000,548,shufflenet_v2_x1_0,128,502000,137000,957,769,57,10,1
147,8,647192000,3417,bert,4,844000,8000,192,0.5,167,59,0
148,8,648868000,6850,bert,4,1692000,361000,192,0.5,167,59,1
149,8,649723000,57769,resnet18,128,54477000,2000,1010,784,117,77,1
150,8,650130000,110830,a2c,64,60957000,151000,555,502,14,0.4,0
151,8,656434000,504,shufflenet_v2_x1_0,128,462000,4000,957,769,57,10,0
152,32,659448000,102,resnet18,128,20000,0,1059,103,17,13,0
153,32,659924000,48,dqn,128,26000,17000,546,437,8,1.6,1
154,32,660549000,49,gpt2,4,27000,42000,514,0.7,414,216,0
155,32,660655000,164,vgg16,16,52000,106000,336,87,67,131,0
156,8,695678000,1589,shufflenet_v2_x1_0,128,1454000,30000,957,769,57,10,0
157,8,696118000,7041,vgg16,16,1352000,211000,214,82,75,66,1
158,8,697772000,6895,vgg16,16,1324000,65000,214,82,75,66,0
159,8,700848000,2894,gpt2,4,1346000,141000,437,0.6,419,49,1
160,1,707825000,80,a2c,64,43000,195000,517,514,14,0,0
161,1,708079000,160,resnet18,128,120000,172000,779,711,110,0,0
162,32,713016000,147757,vgg19,16,49351000,309000,356,89,79,141,0
163,32,713037000,94715,dqn,128,50862000,21000,546,437,8,1.6,1
164,8,713046000,3101,vgg19,16,611000,9000,226,82,88,60,1
165,32,713059000,53612,shufflenet_v2_x1_0,128,54041000,13000,1019,799,56,24,0
166,32,713081000,168091,vgg16,16,53117000,22000,336,87,67,131,0
167,32,713105000,159583,vgg19,16,53301000,24000,356,89,79,141,0
168,8,713406000,564,resnet18,128,532000,99000,1010,784,117,77,1
169,8,714005000,34202,bert,4,8448000,96000,192,0.5,167,59,1
170,8,715799000,85,resnet18,128,81000,16000,1010,784,117,77,0
171,8,716173000,5053,shufflenet_v2_x1_0,128,4624000,374000,957,769,57,10,0
172,8,717194000,182,vgg19,16,36000,53000,226,82,88,60,0
173,8,717198000,49,a2c,64,27000,4000,555,502,14,0.4,1
174,8,717201000,19,shufflenet_v2_x1_0,128,18000,3000,957,769,57,10,1
175,8,717316000,1289,vgg19,16,254000,33000,226,82,88,60,0
176,8,717320000,1515,vgg16,16,291000,4000,214,82,75,66,1
177,8,717325000,1230,bert,4,304000,5000,192,0.5,167,59,1
178,8,717851000,293563,vgg19,16,57832000,41000,226,82,88,60,1
179,8,717855000,63149,shufflenet_v2_x1_0,128,57782000,4000,957,769,57,10,1
180,8,717858000,135488,gpt2,4,63002000,3000,437,0.6,419,49,0
181,4,719007000,1254,bert,4,291000,115000,190,0.5,163,18,0
182,32,719223000,142,resnet18,128,28000,216000,1059,103,17,13,0
183,16,719340000,1257,a2c,64,704000,33000,567,514,14,1.2,0
184,8,719857000,19663,resnet18,128,18543000,517000,1010,784,117,77,1
185,32,721288000,103530,gpt2,4,56631000,5000,514,0.7,414,216,1
186,8,741205000,317,vgg16,16,61000,257000,214,82,75,66,0
187,8,741411000,1518,a2c,64,835000,206000,555,502,14,0.4,0
188,8,742284000,236111,vgg19,16,46514000,177000,226,82,88,60,1
189,8,769552000,1736,shufflenet_v2_x1_0,128,1589000,7000,957,769,57,10,1
190,8,775889000,706157,bert,4,174421000,182000,192,0.5,167,59,0
191,8,775953000,11385,dqn,128,5727000,64000,509,435,8,0.5,0
192,8,780344000,538,bert,4,133000,2000,192,0.5,167,59,1
193,8,780808000,246,bert,4,61000,12000,192,0.5,167,59,1
194,8,780837000,302,vgg16,16,58000,14000,214,82,75,66,1
195,8,781300000,706647,bert,4,174542000,3000,192,0.5,167,59,0
196,8,782169000,1050432,vgg16,16,201683000,62000,214,82,75,66,1
197,8,787293000,3384,shufflenet_v2_x1_0,128,3097000,186000,957,769,57,10,1
198,8,791853000,8045,dqn,128,4047000,547000,509,435,8,0.5,0
199,8,795849000,3987,bert,4,985000,343000,192,0.5,167,59,0
200,8,795905000,2860,gpt2,4,1330000,56000,437,0.6,419,49,1
201,8,797047000,860119,vgg16,16,165143000,4000,214,82,75,66,1
202,8,797069000,181230,shufflenet_v2_x1_0,128,165826000,22000,957,769,57,10,0
203,32,797100000,75,vgg16,16,24000,7000,336,87,67,131,0
204,32,797122000,47,gpt2,4,26000,8000,514,0.7,414,216,1
205,8,797163000,606195,gpt2,4,281881000,31000,437,0.6,419,49,0
206,8,797183000,320927,shufflenet_v2_x1_0,128,293649000,20000,957,769,57,10,0
207,8,797224000,532755,dqn,128,267976000,41000,509,435,8,0.5,0
208,8,797245000,555987,a2c,64,305793000,21000,555,502,14,0.4,0
209,32,800104000,100759,dqn,128,54108000,397000,546,437,8,1.6,0
210,32,800126000,59484,shufflenet_v2_x1_0,128,59960000,22000,1019,799,56,24,0
211,8,810797000,2894,bert,4,715000,231000,192,0.5,167,59,0
212,8,811538000,325,shufflenet_v2_x1_0,128,298000,15000,957,769,57,10,1
213,8,822334000,4052,bert,4,1001000,183000,192,0.5,167,59,1
214,8,822860000,500776,vgg16,16,96149000,250000,214,82,75,66,1
215,8,825355000,865304,vgg19,16,170465000,94000,226,82,88,60,1
216,8,830862000,1477,shufflenet_v2_x1_0,128,1352000,12000,957,769,57,10,0
217,8,833161000,187,gpt2,4,87000,5000,437,0.6,419,49,0
218,8,833425000,8384,bert,4,2071000,3000,192,0.5,167,59,1
219,8,863654000,2853,gpt2,4,1327000,2000,437,0.6,419,49,1
220,8,867773000,404145,dqn,128,203285000,266000,509,435,8,0.5,0
221,2,868497000,6922,vgg16,16,1343000,390000,191,114,72,40,1
222,8,870549000,6309,vgg19,16,1243000,43000,226,82,88,60,0
223,2,873652000,2590,dqn,128,1308000,146000,495,441,8,0.6,0
224,8,879431000,367947,a2c,64,202371000,524000,555,502,14,0.4,1
225,8,879535000,90,a2c,64,50000,28000,555,502,14,0.4,1
226,8,879562000,768,shufflenet_v2_x1_0,128,703000,27000,957,769,57,10,0
227,8,880536000,859817,vgg16,16,165085000,34000,214,82,75,66,1
228,32,882592000,89,a2c,64,51000,85000,585,507,14,2,1
229,32,882617000,57,shufflenet_v2_x1_0,128,58000,25000,1019,799,56,24,0
230,8,882680000,79,dqn,128,40000,63000,509,435,8,0.5,0
231,32,882838000,204503,bert,4,55625000,158000,260,0.5,166,133,0
232,32,882861000,173378,bert,4,47159000,23000,260,0.5,166,133,0
233,8,882864000,118094,resnet18,128,111363000,3000,1010,784,117,77,0
234,8,882891000,668712,bert,4,165172000,27000,192,0.5,167,59,1
235,8,882913000,301552,a2c,64,165854000,22000,555,502,14,0.4,0
236,8,882950000,256823,resnet18,128,242185000,37000,1010,784,117,77,1
237,8,882971000,448417,dqn,128,225554000,21000,509,435,8,0.5,0
238,8,883013000,223394,shufflenet_v2_x1_0,128,204406000,42000,957,769,57,10,0
239,8,883033000,824538,bert,4,203661000,20000,192,0.5,167,59,1
240,8,883800000,216266,resnet18,128,203939000,26000,1010,784,117,77,1
241,8,892922000,634,vgg19,16,125000,188000,226,82,88,60,1
242,2,898063000,1175,shufflenet_v2_x1_0,128,1111000,23000,850,747,58,18,1
243,2,898299000,5245,vgg19,16,1091000,178000,205,115,83,41,1
244,2,898319000,1900,dqn,128,960000,20000,495,441,8,0.6,1
245,2,898338000,1627,a2c,64,879000,19000,525,504,14,0.5,1
246,2,898358000,2262,vgg16,16,439000,20000,191,114,72,40,1
247,8,906392000,349403,dqn,128,175750000,23000,509,435,8,0.5,1
248,8,906905000,204310,shufflenet_v2_x1_0,128,186944000,6000,957,769,57,10,0
249,8,907740000,43,resnet18,128,41000,30000,1010,784,117,77,0
250,8,908147000,335,dqn,128,169000,28000,509,435,8,0.5,1
251,8,908403000,333,shufflenet_v2_x1_0,128,305000,96000,957,769,57,10,1
252,2,908789000,310977,a2c,64,167928000,124000,525,504,14,0.5,0
253,2,921636000,3134,vgg19,16,652000,4000,205,115,83,41,0
254,2,942767000,219,bert,4,51000,196000,195,0.5,163,18,1
255,2,944896000,734,dqn,128,371000,336000,495,441,8,0.6,1
256,1,945622000,174,vgg16,16,23000,101000,107,117,68,0,0
257,1,945711000,57,resnet18,128,43000,19000,779,711,110,0,0
258,1,945743000,44,shufflenet_v2_x1_0,128,35000,32000,798,706,59,0,0
259,1,945766000,37,a2c,64,20000,23000,517,514,14,0,1
260,2,962787000,76,vgg19,16,16000,284000,205,115,83,41,1
261,4,963618000,236,vgg19,16,49000,17000,212,84,85,73,1
262,4,965576000,130,vgg16,16,25000,269000,201,82,72,67,0
263,8,1051620000,121,bert,4,30000,513000,192,0.5,167,59,1
264,8,1075435000,126907,a2c,64,69799000,328000,555,502,14,0.4,0
265,1,1115887000,88,a2c,64,47000,311000,517,514,14,0,0
266,4,1116077000,104,gpt2,4,48000,18000,433,0.6,413,20,1
267,8,1117233000,700,vgg19,16,138000,12000,226,82,88,60,0
268,8,1118075000,659824,shufflenet_v2_x1_0,128,603739000,47000,957,769,57,10,0
269,8,1118566000,647,gpt2,4,301000,198000,437,0.6,419,49,0
270,8,1120413000,1875,gpt2,4,872000,306000,437,0.6,419,49,0
271,8,1121703000,2027,dqn,128,1020000,310000,509,435,8,0.5,1
272,8,1123838000,122132,a2c,64,67173000,76000,555,502,14,0.4,1
273,8,1128947000,329168,dqn,128,165572000,440000,509,435,8,0.5,1
274,8,1145059000,823432,vgg16,16,158099000,352000,214,82,75,66,0
275,8,1152427000,64159,gpt2,4,29834000,520000,437,0.6,419,49,0
276,2,1267724000,211034,bert,4,48960000,17000,195,0.5,163,18,0
277,8,1281834000,76,shufflenet_v2_x1_0,128,70000,157000,957,769,57,10,1
278,8,1288221000,118,gpt2,4,55000,16000,437,0.6,419,49,1
279,8,1297288000,17604,vgg19,16,3468000,38000,226,82,88,60,0
280,8,1302510000,6531,vgg16,16,1254000,3000,214,82,75,66,1
281,8,1305325000,334536,shufflenet_v2_x1_0,128,306101000,417000,957,769,57,10,0
282,8,1305330000,742802,gpt2,4,345403000,5000,437,0.6,419,49,0
283,8,1305334000,52213,vgg16,16,10025000,4000,214,82,75,66,0
284,8,1310654000,189391,resnet18,128,178596000,347000,1010,784,117,77,1
285,8,1312789000,12019,gpt2,4,5589000,81000,437,0.6,419,49,1
286,32,1318133000,161811,resnet18,128,31715000,26000,1059,103,17,13,1
287,16,1320893000,8363,dqn,128,4391000,5000,525,438,8,1.2,1
288,8,1321479000,4872,resnet18,128,4595000,147000,1010,784,117,77,1
289,8,1324301000,1063,resnet18,128,1003000,193000,1010,784,117,77,1
290,8,1325863000,358570,a2c,64,197214000,555000,555,502,14,0.4,0
291,8,1332601000,65805,dqn,128,33100000,94000,509,435,8,0.5,0
292,8,1337543000,822,vgg19,16,162000,126000,226,82,88,60,1
293,8,1369645000,518958,vgg16,16,99640000,53000,214,82,75,66,1
294,8,1379111000,400010,a2c,64,220006000,2000,555,502,14,0.4,1
295,8,1379132000,83931,gpt2,4,39028000,10000,437,0.6,419,49,0
296,16,1386117000,262260,vgg19,16,85497000,5000,302,102,78,123,1
297,8,1398481000,851676,bert,4,210364000,2293000,192,0.5,167,59,1
298,8,1403263000,7258,gpt2,4,3375000,1911000,437,0.6,419,49,1
299,1,1411796000,1128,vgg16,16,149000,75000,107,117,68,0,0
300,1,1412342000,437,shufflenet_v2_x1_0,128,340000,53000,798,706,59,0,0
301,8,1412668000,34091,vgg19,16,6716000,24000,226,82,88,60,1
302,1,1414218000,15614,resnet18,128,11695000,46000,779,711,110,0,0
303,8,1426795000,6015,resnet18,128,5673000,88000,1010,784,117,77,0
304,8,1465408000,57464,gpt2,4,26721000,52000,437,0.6,419,49,0
305,8,1470258000,243550,resnet18,128,229668000,25000,1010,784,117,77,1
306,1,1493489000,159676,gpt2,4,72493000,74000,426,0.6,410,0,0
307,8,1495898000,153755,vgg16,16,29521000,34000,214,82,75,66,1
308,8,1495923000,848723,vgg16,16,162955000,25000,214,82,75,66,1
309,1,1502090000,316871,vgg16,16,41827000,35000,107,117,68,0,0
310,1,1503132000,159,bert,4,35000,224000,178,0.5,160,0,0
311,1,1517413000,547295,vgg16,16,72243000,106000,107,117,68,0,0
312,8,1518369000,453,vgg16,16,87000,157000,214,82,75,66,0
313,8,1520452000,1988,dqn,128,1000000,145000,509,435,8,0.5,0
314,8,1521417000,7802,gpt2,4,3628000,40000,437,0.6,419,49,0
315,8,1521857000,1829,a2c,64,1006000,350000,555,502,14,0.4,0
316,8,1523224000,4485,dqn,128,2256000,79000,509,435,8,0.5,1
317,8,1524994000,452693,dqn,128,227705000,74000,509,435,8,0.5,0
318,8,1525800000,1210955,bert,4,299106000,93000,192,0.5,167,59,1
319,8,1569084000,1102,shufflenet_v2_x1_0,128,1009000,71000,957,769,57,10,1
320,8,1569089000,973671,vgg16,16,186945000,5000,214,82,75,66,0
321,8,1569092000,362534,dqn,128,182355000,3000,509,435,8,0.5,1
322,8,1569101000,234041,resnet18,128,220701000,9000,1010,784,117,77,0
323,8,1569104000,465921,vgg16,16,89457000,3000,214,82,75,66,0
324,2,1625098000,20,shufflenet_v2_x1_0,128,19000,13000,850,747,58,18,0
325,2,1625114000,24,resnet18,128,23000,16000,881,687,110,95,1
326,1,1681767000,20007,a2c,64,10644000,60000,517,514,14,0,0
327,8,1686049000,76,bert,4,19000,142000,192,0.5,167,59,0
328,8,1686053000,49,gpt2,4,23000,4000,437,0.6,419,49,0
329,8,1686170000,219331,resnet18,128,206830000,117000,1010,784,117,77,1
330,8,1686174000,220563,resnet18,128,207991000,4000,1010,784,117,77,0
331,8,1686300000,1349233,vgg19,16,265799000,126000,226,82,88,60,1
332,8,1686310000,353211,resnet18,128,333078000,10000,1010,784,117,77,0
333,8,1686335000,225789,shufflenet_v2_x1_0,128,206597000,25000,957,769,57,10,0
334,1,1700155000,9,resnet18,128,7000,27000,779,711,110,0,0
335,8,1721307000,172134,shufflenet_v2_x1_0,128,157503000,1000,957,769,57,10,1
336,8,1732909000,344711,gpt2,4,160291000,203000,437,0.6,419,49,0
337,8,1733589000,306202,bert,4,75632000,116000,192,0.5,167,59,1
338,8,1777725000,61465,dqn,128,30917000,18000,509,435,8,0.5,0
339,8,1812761000,43,resnet18,128,41000,19000,1010,784,117,77,1
340,8,1830030000,3222,bert,4,796000,58000,192,0.5,167,59,1
341,8,1830117000,335,vgg19,16,66000,87000,226,82,88,60,0
342,8,1830719000,223,vgg19,16,44000,1000,226,82,88,60,0
343,8,1840819000,130,a2c,64,72000,112000,555,502,14,0.4,0
344,8,1866987000,68,bert,4,17000,36000,192,0.5,167,59,1
345,8,1867142000,9451,vgg19,16,1862000,2000,226,82,88,60,1
346,8,1869053000,32255,shufflenet_v2_x1_0,128,29514000,32000,957,769,57,10,1
347,8,1895504000,54610,a2c,64,30036000,115000,555,502,14,0.4,0
348,8,1901145000,5091,vgg19,16,1003000,92000,226,82,88,60,1
349,8,1901438000,11083,shufflenet_v2_x1_0,128,10141000,131000,957,769,57,10,0
350,8,1901981000,235614,dqn,128,118514000,70000,509,435,8,0.5,0
351,8,1901985000,360740,a2c,64,198407000,4000,555,502,14,0.4,1
352,8,1901989000,1102,shufflenet_v2_x1_0,128,1009000,4000,957,769,57,10,0
353,1,1903803000,24744,gpt2,4,11234000,96000,426,0.6,410,0,0
354,1,1909892000,9228,shufflenet_v2_x1_0,128,7180000,185000,798,706,59,0,0
355,1,1909902000,16336,a2c,64,8691000,10000,517,514,14,0,1
356,1,1909911000,17603,dqn,128,8608000,9000,490,446,8,0,1
357,1,1909919000,11706,a2c,64,6228000,8000,517,514,14,0,1
358,1,1909929000,22384,dqn,128,10946000,10000,490,446,8,0,1
359,1,1909959000,22087,dqn,128,10801000,18000,490,446,8,0,0
360,1,1909968000,16334,a2c,64,8690000,9000,517,514,14,0,0
361,1,1909979000,86267,vgg19,16,11301000,11000,109,114,80,0,0
362,1,1909989000,13562,resnet18,128,10158000,10000,779,711,110,0,1
363,1,1910006000,14680,resnet18,128,10996000,17000,779,711,110,0,1
364,8,1924498000,15645,gpt2,4,7275000,233000,437,0.6,419,49,1
365,8,1929234000,5036,bert,4,1244000,327000,192,0.5,167,59,1
366,8,1981642000,188979,shufflenet_v2_x1_0,128,172916000,213000,957,769,57,10,0
367,8,1981648000,934645,vgg16,16,179452000,6000,214,82,75,66,0
368,8,1982050000,244891,shufflenet_v2_x1_0,128,224076000,171000,957,769,57,10,1
369,8,1982061000,248197,resnet18,128,234050000,11000,1010,784,117,77,0
370,8,1999201000,144538,vgg19,16,28474000,94000,226,82,88,60,0
371,8,2002059000,50352,a2c,64,27694000,552000,555,502,14,0.4,1
372,8,2002402000,108307,bert,4,26752000,295000,192,0.5,167,59,0
373,8,2005827000,39087,a2c,64,21498000,120000,555,502,14,0.4,0
374,1,2006980000,27380,resnet18,128,20508000,73000,779,711,110,0,0
375,8,2027514000,1853,resnet18,128,1748000,97000,1010,784,117,77,0
376,8,2028266000,136667,dqn,128,68744000,20000,509,435,8,0.5,1
377,8,2029924000,49620,a2c,64,27291000,217000,555,502,14,0.4,0
378,8,2073710000,224794,resnet18,128,211981000,132000,1010,784,117,77,1
379,8,2073715000,1208901,vgg16,16,232109000,5000,214,82,75,66,0
380,8,2073718000,464497,dqn,128,233642000,3000,509,435,8,0.5,1
381,8,2097925000,438749,shufflenet_v2_x1_0,128,401456000,414000,957,769,57,10,0
382,8,2097983000,961967,bert,4,237606000,58000,192,0.5,167,59,1
383,8,2098005000,80572,shufflenet_v2_x1_0,128,73724000,22000,957,769,57,10,1
384,32,2098389000,321901,vgg19,16,107515000,0,356,89,79,141,1
385,8,2142372000,76723,dqn,128,38592000,465000,509,435,8,0.5,1
386,8,2293152000,571292,gpt2,4,265651000,45000,437,0.6,419,49,0
387,32,2293270000,62555,gpt2,4,34218000,118000,514,0.7,414,216,0
388,32,2334215000,3910,gpt2,4,2139000,128000,514,0.7,414,216,1
389,32,2338019000,21765,resnet18,128,4266000,52000,1059,103,17,13,0
390,32,2342272000,273669,gpt2,4,149697000,86000,514,0.7,414,216,1
391,8,2343792000,410896,gpt2,4,191067000,218000,437,0.6,419,49,1
392,8,2343795000,191793,shufflenet_v2_x1_0,128,175491000,3000,957,769,57,10,0
393,8,2343799000,341258,dqn,128,171653000,4000,509,435,8,0.5,0
394,8,2343802000,870786,vgg19,16,171545000,3000,226,82,88,60,1
395,8,2343812000,182849,shufflenet_v2_x1_0,128,167307000,10000,957,769,57,10,0
396,8,2343816000,1080802,vgg16,16,207514000,4000,214,82,75,66,1
397,8,2343820000,181624,resnet18,128,171272000,4000,1010,784,117,77,0
398,8,2343823000,415758,a2c,64,228667000,3000,555,502,14,0.4,0
399,8,2344695000,22787,gpt2,4,10596000,588000,437,0.6,419,49,1
