time,job_id,num_gpu,submit_time,start_time,end_time,executed_time,real_executed_time,JCT,duration,pending_time,job_counter,promote
2163.5262566263027,1,8,1534.0,1800.0011818408966,2163.5262566263027,363.5250747854061,363.5250747854061,629.5262566263027,281.0,266.0011818408966,1,0
4859.511816107143,0,8,0.0,0.00025582313537597656,4859.511816107143,4859.511560284008,4859.511560284008,4859.511816107143,5095.0,0.00025582313537597656,3,0
7949.610156471079,11,8,7371.0,7560.004784822464,7949.610156471079,389.6053716486149,389.6053716486149,578.6101564710789,388.0,189.004784822464,1,0
16702.7519030571,26,8,16357.0,16560.010533332825,16702.7519030571,142.74136972427368,142.74136972427368,345.7519030570984,62.0,203.0105333328247,1,0
16890.999430971144,28,8,16424.0,16560.010533332825,16890.999430971144,330.98889763831903,330.98889763831903,466.99943097114374,216.0,136.0105333328247,1,0
17037.684723997118,30,8,16519.0,16560.010533332825,17037.684723997118,477.67419066429284,477.67419066429284,518.6847239971175,233.0,41.01053333282471,2,0
17743.457612991333,15,8,14194.0,14400.008748531342,17743.457612991333,3343.4488644599915,3343.4488644599915,3549.457612991333,1614.0,206.00874853134155,5,0
18515.32053232193,27,8,16395.0,16560.010533332825,18515.32053232193,1955.3099989891052,1955.3099989891052,2120.32053232193,1160.0,165.0105333328247,4,0
18830.367147693632,31,8,18495.0,18720.013291835785,18830.367147693632,110.35385585784752,110.35385585784752,335.36714769363243,16.0,225.0132918357849,1,0
21547.878671741484,33,8,20909.0,21240.015318393707,21547.878671741484,307.86335334777687,307.86335334777687,638.8786717414841,162.0,331.0153183937073,1,0
21339.65888364315,29,8,16505.0,16560.010533332825,21339.65888364315,4779.648350310326,4779.648350310326,4834.658883643151,2996.0,55.01053333282471,7,0
21842.01216425896,14,8,14177.0,14400.008748531342,21842.01216425896,7442.003415727617,7442.003415727617,7665.012164258958,3545.0,223.00874853134155,10,0
27477.862280750276,32,8,20893.0,21240.015318393707,27477.862280750276,6237.846962356569,6237.846962356569,6584.862280750276,3929.0,347.0153183937073,3,0
55969.17418115616,4,8,6865.0,7200.004095554352,55969.17418115616,48769.17008560181,48769.17008560181,49104.17418115616,28662.0,335.0040955543518,16,0
71068.59834170341,10,8,7089.0,7200.004095554352,71068.59834170341,63868.59424614906,63868.59424614906,63979.598341703415,43296.0,111.0040955543518,17,0
74141.764220047,16,8,16116.0,16200.009850263596,74141.764220047,57941.754369783404,57941.754369783404,58025.764220047,37147.0,84.00985026359558,13,0
77973.08227887153,25,8,16266.0,16560.010533332825,77973.08227887153,61413.071745538706,61413.071745538706,61707.08227887153,40549.0,294.0105333328247,13,0
78624.63844323158,24,8,16261.0,16560.010533332825,78624.63844323158,62064.62790989876,62064.62790989876,62363.63844323158,40983.0,299.0105333328247,14,0
90441.58621072769,17,8,16122.0,16200.009850263596,90441.58621072769,74241.5763604641,74241.5763604641,74319.58621072769,52940.0,78.00985026359558,16,0
93756.05616092682,20,8,16189.0,16200.009850263596,93756.05616092682,77556.04631066322,77556.04631066322,77567.05616092682,48009.0,11.009850263595581,17,0
106353.78154149055,34,8,98995.0,99000.04993057251,106353.78154149055,7353.731610918039,7353.731610918039,7358.781541490549,5237.0,5.049930572509766,1,0
114036.54167873209,35,1,107845.0,108000.05441498756,114036.54167873209,6036.487263744522,6036.487263744522,6191.541678732086,5794.0,155.0544149875641,1,0
121095.41147174835,21,8,16194.0,16200.009850263596,121095.41147174835,104895.40162148475,104895.40162148475,104901.41147174835,53691.0,6.009850263595581,22,0
129883.45860516548,9,8,7065.0,7200.004095554352,129883.45860516548,122683.45450961113,122683.45450961113,122818.45860516548,62371.0,135.0040955543518,28,0
174380.35272049904,36,8,172977.0,173160.08023047447,174380.35272049904,1220.2724900245667,1220.2724900245667,1403.3527204990387,905.0,183.08023047447205,1,0
181254.80405640602,12,32,8552.0,8640.006031036377,181254.80405640602,172614.79802536964,129774.77587270737,172702.80405640602,52066.0,42928.028183698654,16,0
199807.002977705,37,8,198914.0,199080.09105920792,199807.002977705,726.9119184970914,726.9119184970914,893.0029777050077,359.0,166.09105920791626,1,0
231140.32155404091,18,8,16128.0,16200.009850263596,231140.32155404091,214940.31170377732,214940.31170377732,215012.32155404091,67863.0,72.00985026359558,30,0
257140.4773739598,13,32,8576.0,8640.006031036377,257140.4773739598,248500.4713429234,205660.44919026113,248564.4773739598,166341.0,42904.028183698654,21,0
262645.70329202653,39,8,261601.0,261720.11663508415,262645.70329202653,925.5866569423815,925.5866569423815,1044.7032920265337,555.0,119.11663508415222,1,0
262696.15587516787,22,8,16200.0,16200.009850263596,262696.15587516787,246496.14602490427,246496.14602490427,246496.15587516787,185678.0,0.009850263595581055,33,0
266078.56581441703,8,8,7043.0,7200.004095554352,266078.56581441703,258878.56171886268,258878.56171886268,259035.56581441703,193391.0,157.0040955543518,40,0
273184.4184841633,44,8,271995.0,272160.12268424034,273184.4184841633,1024.2957999229548,1024.2957999229548,1189.418484163296,849.0,165.1226842403412,1,0
274829.9523821397,45,1,274404.0,274680.124376297,274829.9523821397,149.8280058426899,149.8280058426899,425.95238213968696,132.0,276.12437629699707,1,0
275458.3592217749,46,1,275116.0,275400.1253399849,275458.3592217749,58.23388179001631,58.23388179001631,342.3592217749101,44.0,284.1253399848938,1,0
275823.9071050167,47,1,275456.0,275760.12583732605,275823.9071050167,63.78126769064693,63.78126769064693,367.90710501669673,53.0,304.1258373260498,1,0
276760.2904694601,48,1,276306.0,276480.1269156933,276760.2904694601,280.16355376678985,280.16355376678985,454.2904694600729,257.0,174.12691569328308,1,0
276651.41887152195,40,8,263615.0,263880.1183166504,276651.41887152195,12771.30055487156,12771.30055487156,13036.41887152195,8006.0,265.1183166503906,11,0
278735.7515273224,50,4,278218.0,278280.12896347046,278735.7515273224,455.62256385193905,455.62256385193905,517.751527322398,449.0,62.128963470458984,1,0
278934.4310536168,49,1,277329.0,277560.1281514168,278934.4310536168,1374.3029022000264,1374.3029022000264,1605.431053616805,1659.0,231.12815141677856,2,0
279765.6005049896,51,1,278883.0,279000.12966299057,279765.6005049896,765.4708419990493,765.4708419990493,882.6005049896194,660.0,117.12966299057007,1,0
279868.2743126999,53,4,278991.0,279000.12966299057,279868.2743126999,868.144649709342,868.144649709342,877.2743126999121,828.0,9.129662990570068,1,0
280340.9848333272,52,1,278981.0,279000.12966299057,280340.9848333272,1340.8551703366102,1340.8551703366102,1359.9848333271802,831.0,19.12966299057007,2,0
284803.78353990207,54,4,284538.0,284760.13296699524,284803.78353990207,43.65057290683035,43.65057290683035,265.7835399020696,32.0,222.13296699523926,1,0
285296.2128848553,55,4,285073.0,285120.1334745884,285296.2128848553,176.07941026688786,176.07941026688786,223.21288485528203,155.0,47.133474588394165,1,0
285935.56045651436,56,4,285426.0,285480.1339688301,285935.56045651436,455.4264876842499,455.4264876842499,509.5604565143585,459.0,54.13396883010864,1,0
329480.8094125271,23,8,16255.0,16560.010533332825,329480.8094125271,312920.79887919425,312920.79887919425,313225.8094125271,238788.0,305.0105333328247,55,0
343125.871634531,7,8,6990.0,7200.004095554352,343125.871634531,335925.86753897666,335925.86753897666,336135.871634531,206539.0,210.0040955543518,62,0
373268.54445095063,19,8,16180.0,16200.009850263596,373268.54445095063,357068.53460068704,357068.53460068704,357088.54445095063,271904.0,20.00985026359558,58,0
386039.46300525666,3,8,6836.0,6840.003585577011,386039.46300525666,379199.45941967965,364079.45330257417,379203.46300525666,165835.0,15124.009702682495,64,0
390920.9593557676,42,32,271106.0,271440.12202835083,390920.9593557676,119480.83732741675,119480.83732741675,119814.95935576758,52774.0,334.1220283508301,24,0
410483.6342573929,6,8,6964.0,7200.004095554352,410483.6342573929,403283.63016183855,403283.63016183855,403519.6342573929,206860.0,236.0040955543518,66,0
414824.75921964645,2,8,6812.0,6840.003585577011,414824.75921964645,407984.75563406944,392864.74951696396,408012.75921964645,255697.0,15148.009702682495,67,0
451971.39164772985,5,8,6942.0,7200.004095554352,451971.39164772985,444771.3875521755,444771.3875521755,445029.39164772985,205061.0,258.0040955543518,68,0
477758.263264122,38,8,229238.0,229320.10320425034,477758.263264122,248438.16005987168,248438.16005987168,248520.263264122,203287.0,82.1032042503357,35,0
497577.3021194935,41,32,271083.0,271440.12202835083,497577.3021194935,226137.18009114265,226137.18009114265,226494.30211949348,108564.0,357.1220283508301,29,0
511778.9670728302,62,8,511186.0,511200.22454714775,511778.9670728302,578.7425256824354,578.7425256824354,592.9670728301862,437.0,14.224547147750854,1,0
512581.5829688835,63,8,511580.0,511920.22522234917,512581.5829688835,661.3577465343405,661.3577465343405,1001.5829688835074,310.0,340.22522234916687,1,0
518187.51583099365,65,8,517074.0,517320.2283575535,518187.51583099365,867.2874734401703,867.2874734401703,1113.5158309936523,707.0,246.22835755348206,1,0
518260.41497162037,64,8,516916.0,516960.22785401344,518260.41497162037,1300.1871176069253,1300.1871176069253,1344.4149716203683,881.0,44.22785401344299,2,0
519604.24128492357,66,8,518612.0,518760.22957348824,519604.24128492357,844.0117114353343,844.0117114353343,992.2412849235698,519.0,148.22957348823547,1,0
532198.0849344969,69,8,531836.0,532080.235524416,532198.0849344969,117.84941008093301,117.84941008093301,362.08493449690286,52.0,244.23552441596985,1,0
532199.682961011,70,8,531865.0,532080.235524416,532199.682961011,119.44743659498636,119.44743659498636,334.6829610109562,53.0,215.23552441596985,1,0
532483.9592424869,68,8,531765.0,532080.235524416,532483.9592424869,403.72371807089075,403.72371807089075,718.9592424868606,148.0,315.23552441596985,2,0
532695.74811306,67,8,531683.0,531720.235011816,532695.74811306,975.5131012439961,975.5131012439961,1012.7481130600208,637.0,37.23501181602478,3,0
535467.5107172808,76,4,534997.0,535320.2379968166,535467.5107172808,147.272720464156,147.272720464156,470.51071728079114,102.0,323.23799681663513,1,0
535446.2467299303,77,4,535115.0,535320.2379968166,535446.2467299303,126.00873311364558,126.00873311364558,331.2467299302807,30.0,205.23799681663513,1,0
535363.8288810253,78,4,535264.0,535320.2379968166,535363.8288810253,43.5908842086792,43.5908842086792,99.82888102531433,23.0,56.23799681663513,1,0
536467.2458868026,79,4,536141.0,536400.2392683029,536467.2458868026,67.00661849963944,67.00661849963944,326.2458868025569,21.0,259.2392683029175,1,0
536472.882769327,80,4,536312.0,536400.2392683029,536472.882769327,72.64350102411117,72.64350102411117,160.88276932702865,27.0,88.23926830291748,1,0
537155.8630248503,84,4,536927.0,537120.2402224541,537155.8630248503,35.62280239618849,35.62280239618849,228.86302485025954,23.0,193.24022245407104,1,0
537518.2907815457,85,4,537357.0,537480.2407541275,537518.2907815457,38.05002741818316,38.05002741818316,161.2907815456856,23.0,123.24075412750244,1,0
538173.7910309922,86,4,537575.0,537840.2412581444,538173.7910309922,333.54977284779307,333.54977284779307,598.7910309921717,296.0,265.24125814437866,1,0
538663.1339262571,87,4,538440.0,538560.2422151566,538663.1339262571,102.89171110058669,102.89171110058669,223.13392625714187,89.0,120.24221515655518,1,0
539547.7106130123,88,8,538751.0,538920.2427148819,539547.7106130123,627.4678981304169,627.4678981304169,796.7106130123138,320.0,169.24271488189697,2,0
541343.7757020155,90,8,540781.0,541080.2446656227,541343.7757020155,263.5310363927856,263.5310363927856,562.7757020154968,114.0,299.2446656227112,1,0
541139.5204955577,91,8,540893.0,541080.2446656227,541139.5204955577,59.27582993498072,59.27582993498072,246.5204955576919,21.0,187.24466562271118,1,0
543649.5404723168,92,8,541129.0,541440.2451734543,543649.5404723168,2209.295298862504,2209.295298862504,2520.5404723167885,1404.0,311.24517345428467,2,0
544453.0346817875,89,8,539066.0,539280.2432074547,544453.0346817875,5172.7914743328,5172.7914743328,5387.0346817874815,1496.0,214.2432074546814,6,0
545166.0521086216,93,8,543129.0,543240.2463805676,545166.0521086216,1925.8057280540233,1925.8057280540233,2037.052108621574,1224.0,111.24638056755066,3,0
547741.9670567513,98,8,546543.0,546840.2501330376,547741.9670567513,901.7169237136841,901.7169237136841,1198.9670567512512,244.0,297.25013303756714,2,0
547826.8377755403,97,8,546126.0,546480.2495625019,547826.8377755403,1346.588213038398,1346.588213038398,1700.8377755403053,946.0,354.24956250190735,3,0
547877.9311429024,95,8,545260.0,545400.2483794689,547877.9311429024,2477.682763433433,2477.682763433433,2617.931142902351,914.0,140.24837946891785,5,0
547805.3835918903,57,8,306367.0,306720.1425881386,547805.3835918903,241085.24100375175,241085.24100375175,241438.38359189034,204496.0,353.1425881385803,45,0
549271.0420325517,94,8,543696.0,543960.2470777035,549271.0420325517,5310.794954848243,5310.794954848243,5575.042032551719,1053.0,264.24707770347595,8,0
549987.1570835591,99,8,546799.0,546840.2501330376,549987.1570835591,3146.9069505215157,3146.9069505215157,3188.157083559083,2191.0,41.25013303756714,4,0
551874.1795137882,100,8,546929.0,547200.250721693,551874.1795137882,4673.928792095161,4673.928792095161,4945.1795137882,1248.0,271.25072169303894,4,0
553562.7817776918,96,8,545978.0,546120.2490403652,553562.7817776918,7442.532737326575,7442.532737326575,7584.781777691795,1358.0,142.24904036521912,8,0
556713.1978645325,101,8,555003.0,555120.2561964989,556713.1978645325,1592.9416680335999,1592.9416680335999,1710.1978645324707,1016.0,117.25619649887085,2,0
557714.2495019197,103,8,557488.0,557640.2582843304,557714.2495019197,73.99121758935507,73.99121758935507,226.24950191972312,33.0,152.25828433036804,1,0
558561.073867464,105,8,558290.0,558360.2593507767,558561.073867464,200.81451668730006,200.81451668730006,271.0738674639724,141.0,70.25935077667236,1,0
559576.1548440695,104,8,557804.0,558000.2588450909,559576.1548440695,1575.895998978638,1575.895998978638,1772.1548440695042,408.0,196.2588450908661,3,0
561914.9549755255,106,8,560437.0,560520.2613761425,561914.9549755255,1394.6935993829975,1394.6935993829975,1477.9549755254993,917.0,83.26137614250183,2,0
565016.7278252125,107,8,561547.0,561600.2621927261,565016.7278252125,3416.46563248639,3416.46563248639,3469.727825212525,1046.0,53.262192726135254,2,0
567902.517624712,108,8,567385.0,567720.2656342983,567902.517624712,182.2519904136425,182.2519904136425,517.5176247119671,85.0,335.2656342983246,1,0
576151.2507710218,109,8,575385.0,575640.2693445683,576151.2507710218,510.9814264535671,510.9814264535671,766.2507710218197,218.0,255.26934456825256,2,0
576524.0503592014,110,8,575790.0,576000.269957304,576524.0503592014,523.7804018973839,523.7804018973839,734.0503592013847,236.0,210.26995730400085,2,0
578965.7919896126,111,8,576218.0,576362.6103384495,578965.7919896126,2603.1816511631478,2603.1816511631478,2747.791989612626,1009.0,144.61033844947815,2,0
591407.044824028,61,8,306419.0,306720.1425881386,591407.044824028,284686.90223588946,283966.90156855586,284988.04482402804,231337.0,1021.1432554721832,68,0
591938.5752325058,102,4,556052.0,556200.2569835186,591938.5752325058,35738.3182489872,35738.3182489872,35886.5752325058,36119.0,148.25698351860046,19,0
610848.6002941132,83,32,536391.0,536400.2392683029,610848.6002941132,74448.36102581024,73726.02006864548,74457.60029411316,51170.0,731.5802254676819,47,0
615386.5284241199,117,8,615124.0,615242.6284837723,615386.5284241199,143.89994034764823,143.89994034764823,262.52842411992606,64.0,118.62848377227783,1,0
615822.7213294029,118,8,615287.0,615602.6291065216,615822.7213294029,220.09222288127057,220.09222288127057,535.721329402877,86.0,315.62910652160645,1,0
616068.3487781286,119,8,615904.0,615962.629632473,616068.3487781286,105.71914565563202,105.71914565563202,164.34877812862396,54.0,58.62963247299194,1,0
616944.176648736,121,8,616035.0,616322.6301414967,616944.176648736,621.5465072393417,621.5465072393417,909.1766487360001,139.0,287.6301414966583,2,0
617506.5128520202,122,8,616393.0,616682.6306238174,617506.5128520202,823.8822282027686,823.8822282027686,1113.5128520202124,138.0,289.63062381744385,2,0
617921.7367796898,120,8,616017.0,616322.6301414967,617921.7367796898,1599.1066381931305,1599.1066381931305,1904.7367796897888,890.0,305.6301414966583,4,0
618913.1996958017,123,8,617767.0,618122.6322383881,618913.1996958017,790.5674574136501,790.5674574136501,1146.1996958017116,490.0,355.6322383880615,1,0
621889.1437567472,125,8,620333.0,620642.634436369,621889.1437567472,1246.5093203783035,1246.5093203783035,1556.1437567472458,481.0,309.63443636894226,3,0
622555.9220615864,126,8,620921.0,621002.6349115372,622555.9220615864,1553.2871500492329,1553.2871500492329,1634.9220615864033,892.0,81.63491153717041,3,0
622857.0845350504,124,8,619338.0,619562.6336619854,622857.0845350504,3294.4508730650414,3294.4508730650414,3519.0845350504387,877.0,224.63366198539734,6,0
624585.1888542653,127,8,621499.0,621722.6355588436,624585.1888542653,2862.553295421647,2862.553295421647,3086.1888542652596,1027.0,223.63555884361267,4,0
626233.4576319456,130,8,626030.0,626042.6397016048,626233.4576319456,190.8179303407669,190.8179303407669,203.45763194561005,85.0,12.63970160484314,1,0
627218.1093733311,129,8,624875.0,624962.6389379501,627218.1093733311,2255.4704353809357,2255.4704353809357,2343.10937333107,886.0,87.63893795013428,4,0
628197.24392457,131,8,626524.0,626762.6407780647,628197.24392457,1434.6031465053093,1434.6031465053093,1673.243924570037,927.0,238.64077806472778,3,0
628908.2243131399,135,32,628332.0,628562.6429359913,628908.2243131399,345.58137714862823,345.58137714862823,576.2243131399155,79.0,230.64293599128723,1,0
629259.9749642133,132,8,627532.0,627842.6418821812,629259.9749642133,1417.333082032157,1417.333082032157,1727.9749642133247,961.0,310.6418821811676,4,0
629175.4736097574,133,8,627795.0,627842.6418821812,629175.4736097574,1332.8317275762092,1332.8317275762092,1380.4736097573768,892.0,47.6418821811676,4,0
629589.942942977,138,8,629036.0,629282.6440179348,629589.942942977,307.2989250421524,307.2989250421524,553.9429429769516,107.0,246.6440179347992,1,0
629527.8601535956,139,8,629099.0,629282.6440179348,629527.8601535956,245.2161356607685,245.2161356607685,428.8601535955677,170.0,183.6440179347992,1,0
629766.6313220263,128,8,622847.0,623162.6373090744,629766.6313220263,6603.994012951851,6603.994012951851,6919.631322026253,2114.0,315.63730907440186,13,0
630100.7372491598,136,8,628913.0,628922.643453598,630100.7372491598,1178.0937955618137,1178.0937955618137,1187.7372491598362,166.0,9.643453598022461,4,0
630771.4979737282,134,8,627855.0,628202.64245677,630771.4979737282,2568.8555169582833,2568.8555169582833,2916.4979737282265,935.0,347.64245676994324,8,0
630812.7054759025,137,32,628974.0,629282.6440179348,630812.7054759025,1530.061457967735,1530.061457967735,1838.705475902534,304.0,308.6440179347992,5,0
634120.7308082342,142,8,633594.0,633602.6481466293,634120.7308082342,518.082661604858,518.082661604858,526.7308082341915,80.0,8.648146629333496,1,0
634996.3492801667,141,8,632386.0,632522.6472840309,634996.3492801667,2473.7019961357582,2473.7019961357582,2610.3492801666725,900.0,136.6472840309143,3,0
635297.8520083427,144,8,634712.0,635042.6494832039,635297.8520083427,255.20252513885498,255.20252513885498,585.8520083427429,83.0,330.64948320388794,1,0
635103.4278798103,140,8,630532.0,630722.6458895206,635103.4278798103,4380.781990289688,4380.781990289688,4571.427879810333,901.0,190.64588952064514,6,0
637348.908178997,143,8,634096.0,634322.6487858295,637348.908178997,3026.259393167449,3026.259393167449,3252.9081789969932,1206.0,226.64878582954407,3,0
646594.670925951,146,8,645644.0,645842.6555445194,646594.670925951,752.0153814315563,752.0153814315563,950.6709259509807,502.0,198.65554451942444,1,0
650800.5186451435,147,8,647192.0,647282.6568553448,650800.5186451435,3517.8617897987133,3517.8617897987133,3608.5186451434856,844.0,90.65685534477234,4,0
656386.2318784713,148,8,648868.0,649082.6579129696,656386.2318784713,7303.573965501739,7303.573965501739,7518.231878471328,1692.0,214.65791296958923,4,0
657308.4125130177,151,8,656434.0,656642.6624071598,657308.4125130177,665.7501058578491,665.7501058578491,874.4125130176544,462.0,208.6624071598053,1,0
659768.1085541963,152,32,659448.0,659522.6642365456,659768.1085541963,245.44431765074842,245.44431765074842,320.10855419631116,20.0,74.66423654556274,1,0
660421.86547575,153,32,659924.0,660242.6652815342,660421.86547575,179.20019421575125,179.20019421575125,497.8654757499462,26.0,318.66528153419495,1,0
660784.648559475,154,32,660549.0,660602.6658039093,660784.648559475,181.9827555656666,181.9827555656666,235.64855947496835,27.0,53.66580390930176,1,0
661266.4576917887,155,32,660655.0,660962.6663224697,661266.4576917887,303.7913693189621,303.7913693189621,611.4576917886734,52.0,307.6663224697113,1,0
697536.5335805676,156,8,695678.0,695882.6837720871,697536.5335805676,1653.8498084804742,1653.8498084804742,1858.5335805675713,1454.0,204.68377208709717,2,0
700109.6093825579,157,8,696118.0,696242.6842782497,700109.6093825579,3866.925104308175,3866.925104308175,3991.6093825579155,1352.0,124.6842782497406,3,0
701163.6582880259,158,8,697772.0,698042.6859099865,701163.6582880259,3120.9723780393833,3120.9723780393833,3391.6582880258793,1324.0,270.685909986496,3,0
703973.6309168339,159,8,700848.0,700922.6877744198,703973.6309168339,3050.943142414093,3050.943142414093,3125.6309168338776,1346.0,74.68777441978455,2,0
704795.840713644,145,8,634884.0,635042.6494832039,704795.840713644,69753.19123044016,69753.19123044016,69911.84071364405,19512.0,158.64948320388794,26,0
706448.0038012981,60,8,306415.0,306720.1425881386,706448.0038012981,399727.8612131595,392527.8571528911,400033.0038012981,242495.0,7505.146648406982,133,0
708237.0160674573,160,1,707825.0,708122.6923849583,708237.0160674573,114.32368249900173,114.32368249900173,412.01606745726895,43.0,297.6923849582672,1,0
708298.8412513257,161,1,708079.0,708122.6923849583,708298.8412513257,176.14886636740994,176.14886636740994,219.84125132567715,120.0,43.69238495826721,1,0
708708.6151841879,58,8,306372.0,306720.1425881386,708708.6151841879,401988.4725960493,394788.4685357809,402336.6151841879,202485.0,7548.146648406982,136,0
714185.4843580246,164,8,713046.0,713162.6953799725,714185.4843580246,1022.7889780520927,1022.7889780520927,1139.4843580245506,611.0,116.69537997245789,2,0
714377.3967831135,168,8,713406.0,713522.6958975792,714377.3967831135,854.7008855342865,854.7008855342865,971.3967831134796,532.0,116.69589757919312,2,0
716220.027095437,170,8,715799.0,716042.698072195,716220.027095437,177.32902324199677,177.32902324199677,421.02709543704987,81.0,243.6980721950531,1,0
717695.8714271545,172,8,717194.0,717482.6996600628,717695.8714271545,213.17176709172782,213.17176709172782,501.87142715451773,36.0,288.6996600627899,1,0
717624.337040782,173,8,717198.0,717482.6996600628,717624.337040782,141.63738071918488,141.63738071918488,426.3370407819748,27.0,284.6996600627899,1,0
717532.2537858725,174,8,717201.0,717482.6996600628,717532.2537858725,49.55412580969278,49.55412580969278,331.2537858724827,18.0,281.6996600627899,1,0
719050.1579765081,175,8,717316.0,717482.6996600628,719050.1579765081,1567.4583164453506,1567.4583164453506,1734.1579765081406,254.0,166.69966006278992,3,0
719231.8495795727,176,8,717320.0,717482.6996600628,719231.8495795727,1749.1499195098877,1749.1499195098877,1911.8495795726776,291.0,162.69966006278992,3,0
719027.0443445205,177,8,717325.0,717482.6996600628,719027.0443445205,1544.3446844577556,1544.3446844577556,1702.0443445205456,304.0,157.69966006278992,3,0
719538.1623150825,181,4,719007.0,719282.7018027306,719538.1623150825,255.46051235194318,255.46051235194318,531.1623150825035,291.0,275.7018027305603,1,0
719502.641840434,182,32,719223.0,719282.7018027306,719502.641840434,219.94003770349082,219.94003770349082,279.6418404340511,28.0,59.7018027305603,1,0
720468.9257464799,183,16,719340.0,719642.7023653984,720468.9257464799,826.2233810814796,826.2233810814796,1128.9257464798866,704.0,302.702365398407,2,0
722924.0062948227,171,8,716173.0,716402.6985704899,722924.0062948227,6521.307724332786,6521.307724332786,6751.00629482267,4624.0,229.69857048988342,9,0
723954.9687413455,149,8,649723.0,649802.6585714817,723954.9687413455,74152.31016986375,74152.31016986375,74231.96874134545,54477.0,79.65857148170471,39,0
741708.2018141269,186,8,741205.0,741242.713401556,741708.2018141269,465.4884125709068,465.4884125709068,503.2018141269218,61.0,37.713401556015015,2,0
743119.4970877648,187,8,741411.0,741602.7139143944,743119.4970877648,1516.783173370408,1516.783173370408,1708.4970877647866,835.0,191.71391439437866,3,0
744351.374922514,184,8,719857.0,720002.702968359,744351.374922514,24348.67195415497,24348.67195415497,24494.37492251396,18543.0,145.70296835899353,10,0
745355.9066226482,169,8,714005.0,714242.6966080666,745355.9066226482,31113.21001458168,31113.21001458168,31350.90662264824,8448.0,237.69660806655884,20,0
746278.010125041,150,8,650130.0,650162.6590914726,746278.010125041,96115.35103356838,96115.35103356838,96148.01012504101,60957.0,32.65909147262573,46,0
757836.7875170469,74,8,532239.0,532440.2360754013,757836.7875170469,225396.5514416456,217116.54615614412,225597.7875170469,165274.0,8481.241360902786,138,0
767480.3515957833,72,8,532196.0,532440.2360754013,767480.3515957833,235040.11552038195,226760.11023488047,235284.35159578326,165085.0,8524.241360902786,139,0
772028.4296759606,189,8,769552.0,769682.7284660339,772028.4296759606,2345.7012099266285,2345.7012099266285,2476.429675960564,1589.0,130.72846603393555,1,0
774886.5584171772,73,8,532218.0,532440.2360754013,774886.5584171772,242446.32234177587,234166.3170562744,242668.55841717718,169914.0,8502.241360902786,142,0
780664.5948901749,192,8,780344.0,780482.7345573902,780664.5948901749,181.8603327847086,181.8603327847086,320.5948901749216,133.0,138.734557390213,1,0
781197.0928939104,193,8,780808.0,780842.735060215,781197.0928939104,354.3578336953651,354.3578336953651,389.09289391036145,61.0,34.73506021499634,1,0
781025.4980148077,194,8,780837.0,780842.735060215,781025.4980148077,182.76295459270477,182.76295459270477,188.4980148077011,58.0,5.735060214996338,1,0
788928.0356141567,191,8,775953.0,776162.7322285175,788928.0356141567,12765.303385639214,12765.303385639214,12975.035614156746,5727.0,209.73222851753235,7,0
791350.9251101017,197,8,787293.0,787322.7391347885,791350.9251101017,4028.1859753131866,4028.1859753131866,4057.9251101017,3097.0,29.739134788513184,2,0
792855.3833746115,179,8,717855.0,718202.7008211613,792855.3833746115,74652.68255345023,74652.68255345023,75000.3833746115,57782.0,347.70082116127014,31,0
797532.8293535232,203,32,797100.0,797402.7455339432,797532.8293535232,130.08381958003156,130.08381958003156,432.8293535232078,24.0,302.74553394317627,1,0
797500.1514707565,204,32,797122.0,797402.7455339432,797500.1514707565,97.40593681333121,97.40593681333121,378.1514707565075,26.0,280.74553394317627,1,0
798303.8639352322,199,8,795849.0,795962.7445101738,798303.8639352322,2341.119425058365,2341.119425058365,2454.8639352321625,985.0,113.74451017379761,3,0
800141.5213847638,200,8,795905.0,795962.7445101738,800141.5213847638,4178.776874589967,4178.776874589967,4236.521384763764,1330.0,57.74451017379761,4,0
803501.7232744694,198,8,791853.0,792002.7420489788,803501.7232744694,11498.98122549057,11498.98122549057,11648.723274469376,4047.0,149.74204897880554,7,0
812226.9121505975,212,8,811538.0,811802.7538576126,812226.9121505975,424.1582929849392,424.1582929849392,688.912150597549,298.0,264.75385761260986,1,0
814564.6726798058,211,8,810797.0,811082.7531654835,814564.6726798058,3481.919514322304,3481.919514322304,3767.672679805779,715.0,285.75316548347473,3,0
827291.9477566242,213,8,822334.0,822602.7594234943,827291.9477566242,4689.1883331298595,4689.1883331298595,4957.9477566241985,1001.0,268.759423494339,3,0
829113.708591938,71,8,532174.0,532440.2360754013,829113.708591938,296673.4725165367,287673.4666516781,296939.708591938,161568.0,9266.241940259933,167,0
832655.0397142887,216,8,830862.0,830882.7650425434,832655.0397142887,1772.2746717452537,1772.2746717452537,1793.039714288665,1352.0,20.765042543411255,1,0
833707.3164858818,217,8,833161.0,833402.7670574188,833707.3164858818,304.5494284629822,304.5494284629822,546.3164858818054,87.0,241.76705741882324,1,0
838586.5097870827,218,8,833425.0,833762.7677526474,838586.5097870827,4823.742034435272,4823.742034435272,5161.509787082672,2071.0,337.7677526473999,1,0
842491.5440909385,165,32,713059.0,713162.6953799725,842491.5440909385,129328.84871096606,71728.81324834819,129432.54409093852,54041.0,57703.73084259033,31,0
860855.5850218057,59,8,306412.0,306720.1425881386,860855.5850218057,554135.4424336671,528215.4250834703,554443.5850218057,195577.0,26228.15993833542,185,0
864292.3694434881,113,32,608040.0,608042.6243610382,864292.3694434881,256249.74508244987,71569.6392534494,256252.36944348807,46944.0,184682.73019003868,61,0
868313.6994802475,219,8,863654.0,864002.7819979191,868313.6994802475,4310.917482328368,4310.917482328368,4659.699480247451,1327.0,348.78199791908264,3,0
870019.3423250848,221,2,868497.0,868682.7855038643,870019.3423250848,1336.5568212205544,1336.5568212205544,1522.3423250848427,1343.0,185.78550386428833,1,0
873247.7186157703,222,8,870549.0,870842.7875688076,873247.7186157703,2404.931046962738,2404.931046962738,2698.71861577034,1243.0,293.78756880760193,1,0
875030.1666331075,223,2,873652.0,873722.7895467281,875030.1666331075,1307.3770863793325,1307.3770863793325,1378.1666331074666,1308.0,70.78954672813416,1,0
879982.7341754914,225,8,879535.0,879842.793517828,879982.7341754914,139.9406576633919,139.9406576633919,447.7341754913796,50.0,307.79351782798767,1,0
880816.6298732758,226,8,879562.0,879842.793517828,880816.6298732758,973.8363554477692,973.8363554477692,1254.6298732757568,703.0,280.79351782798767,3,0
882896.1912956238,228,32,882592.0,882722.7965517044,882896.1912956238,173.39474391937256,173.39474391937256,304.1912956237793,51.0,130.79655170440674,1,0
882860.1108772277,229,32,882617.0,882722.7965517044,882860.1108772277,137.3143255233299,137.3143255233299,243.11087722773664,58.0,105.79655170440674,1,0
882820.7654522657,230,8,882680.0,882722.7965517044,882820.7654522657,97.9689005613327,97.9689005613327,140.76545226573944,40.0,42.79655170440674,1,0
886846.5040863038,210,32,800126.0,800282.7479863167,886846.5040863038,86563.75609998708,80803.75085906987,86720.50408630376,59960.0,5916.753227233887,30,0
893796.7960586548,241,8,892922.0,893162.8024916649,893796.7960586548,633.9935669898987,633.9935669898987,874.7960586547852,125.0,240.80249166488647,1,0
899233.9725358356,242,2,898063.0,898202.805300951,899233.9725358356,1031.167234884575,1031.167234884575,1170.972535835579,1111.0,139.80530095100403,2,0
899822.3042780876,245,2,898338.0,898562.8059239388,899822.3042780876,1259.4983541488182,1259.4983541488182,1484.3042780875694,879.0,224.80592393875122,2,0
900029.3814457258,244,2,898319.0,898562.8059239388,900029.3814457258,1466.5755217870465,1466.5755217870465,1710.3814457257977,960.0,243.80592393875122,3,0
900134.3991310438,246,2,898358.0,898562.8059239388,900134.3991310438,1571.593207105063,1571.593207105063,1776.3991310438141,439.0,204.80592393875122,3,0
900744.2566043247,243,2,898299.0,898562.8059239388,900744.2566043247,2181.450680385926,2181.450680385926,2445.256604324677,1091.0,263.8059239387512,4,0
908040.113713789,249,8,907740.0,907922.8131420612,908040.113713789,117.30057172779925,117.30057172779925,300.1137137890328,41.0,182.81314206123352,1,0
908623.2530221939,250,8,908147.0,908282.8137876987,908623.2530221939,340.43923449516296,340.43923449516296,476.2530221939087,169.0,135.81378769874573,1,0
909091.9964617968,251,8,908403.0,908642.8144607544,909091.9964617968,449.1820010424126,449.1820010424126,688.9964617968071,305.0,239.81446075439453,2,0
911486.6738893986,180,8,717858.0,718202.7008211613,911486.6738893986,193283.9730682373,168803.9572649002,193628.67388939857,63002.0,24824.716624498367,75,0
923899.0709806061,253,2,921636.0,921962.8221359253,923899.0709806061,1936.248844680842,1936.248844680842,2263.070980606135,652.0,326.82213592529297,1,0
933286.3280944347,178,8,717851.0,718202.7008211613,933286.3280944347,215083.62727327342,190603.61146993632,215435.3280944347,57832.0,24831.716624498367,78,0
943031.1855149078,254,2,942767.0,942842.832016468,943031.1855149078,188.3534984397702,188.3534984397702,264.1855149078183,51.0,75.8320164680481,1,0
945481.5836205292,255,2,944896.0,945002.8340075016,945481.5836205292,478.749613027554,478.749613027554,585.5836205291562,371.0,106.83400750160217,1,0
945796.7485263444,256,1,945622.0,945722.8348727226,945796.7485263444,73.91365362179931,73.91365362179931,174.74852634442504,23.0,100.83487272262573,1,0
945783.0203452874,257,1,945711.0,945722.8348727226,945783.0203452874,60.18547256477177,60.18547256477177,72.0203452873975,43.0,11.834872722625732,1,0
946168.9923396491,258,1,945743.0,946082.8356668949,946168.9923396491,86.15667275420856,86.15667275420856,425.9923396491213,35.0,339.8356668949127,1,0
946163.3896100139,259,1,945766.0,946082.8356668949,946163.3896100139,80.55394311901182,80.55394311901182,397.38961001392454,20.0,316.8356668949127,1,0
962397.6104595661,188,8,742284.0,742322.7151343822,962397.6104595661,220074.89532518387,195954.88015413284,220113.61045956612,46514.0,24158.730305433273,75,0
963102.5515477753,260,2,962787.0,963002.8440406322,963102.5515477753,99.70750714302994,99.70750714302994,315.55154777527787,16.0,215.84404063224792,1,0
963789.0982967854,261,4,963618.0,963722.8453996181,963789.0982967854,66.2528971672291,66.2528971672291,171.0982967853779,49.0,104.8453996181488,1,0
965924.170081117,262,4,965576.0,965882.8473243713,965924.170081117,41.3227567456197,41.3227567456197,348.1700811169576,25.0,306.8473243713379,1,0
985423.3984327794,75,8,532277.0,532440.2360754013,985423.3984327794,452983.16235737805,414103.13614420895,453146.39843277936,165515.0,39043.262288570404,208,0
1024597.6223647594,209,32,800104.0,800282.7479863167,1024597.6223647594,224314.87437844276,126034.81553435326,224493.62236475945,54108.0,98458.80683040619,32,0
1049815.4373724938,233,8,882864.0,883082.7971839905,1049815.4373724938,166732.6401885033,166732.6401885033,166951.4373724938,111363.0,218.79718399047852,37,0
1052062.6097133637,263,8,1051620.0,1051922.884389639,1052062.6097133637,139.72532372479327,139.72532372479327,442.609713363694,30.0,302.88438963890076,1,0
1073156.214477644,202,8,797069.0,797402.7455339432,1073156.214477644,275753.4689437009,224273.44295559893,276087.21447764407,165826.0,51813.771522045135,66,0
1073775.3145283135,252,2,908789.0,909002.8151056767,1073775.3145283135,164772.4994226368,164772.4994226368,164986.31452831347,167928.0,213.815105676651,25,0
1103647.19049263,190,8,775889.0,776162.7322285175,1103647.19049263,327484.4582641125,263764.42605113983,327758.19049263,174421.0,63993.76444149017,78,0
1116096.35477086,265,1,1115887.0,1116002.9133284092,1116096.35477086,93.4414424507413,93.4414424507413,209.35477085993625,47.0,115.91332840919495,1,0
1116428.3752361212,266,4,1116077.0,1116362.9140031338,1116428.3752361212,65.46123298746534,65.46123298746534,351.37523612123914,48.0,285.9140031337738,1,0
1118101.2370835305,267,8,1117233.0,1117442.915336132,1118101.2370835305,658.3217473984696,658.3217473984696,868.2370835305192,138.0,209.91533613204956,1,0
1119854.6830823421,269,8,1118566.0,1118882.916932106,1119854.6830823421,971.7661502361298,971.7661502361298,1288.6830823421478,301.0,316.91693210601807,1,0
1122862.8058336927,270,8,1120413.0,1120682.9187688828,1122862.8058336927,2179.887064809911,2179.887064809911,2449.8058336926624,872.0,269.91876888275146,2,0
1123720.6576045037,271,8,1121703.0,1121762.9197235107,1123720.6576045037,1957.737880992936,1957.737880992936,2017.6576045036782,1020.0,59.91972351074219,2,0
1137795.869943142,235,8,882913.0,883082.7971839905,1137795.869943142,254713.07275915146,254713.07275915146,254882.86994314194,165854.0,169.79718399047852,56,0
1154345.726126194,248,8,906905.0,907202.8123550415,1154345.726126194,247142.9137711525,247142.9137711525,247440.726126194,186944.0,297.8123550415039,47,0
1162044.7180745364,238,8,883013.0,883082.7971839905,1162044.7180745364,278961.92089054594,278961.92089054594,279031.7180745364,204406.0,69.79718399047852,60,0
1178077.046382451,240,8,883800.0,883802.7979812622,1178077.046382451,294274.24840118876,294274.24840118876,294277.04638245096,203939.0,2.7979812622070312,60,0
1181081.142088213,264,8,1075435.0,1075682.8959496021,1181081.142088213,105398.24613861088,105398.24613861088,105646.142088213,69799.0,247.89594960212708,20,0
1181085.7562595368,214,8,822860.0,822962.7601416111,1181085.7562595368,358122.99611792574,299442.96857438097,358225.75625953684,96149.0,58782.78768515587,81,0
1204164.4136657715,224,8,879431.0,879482.7927701473,1204164.4136657715,324681.62089562416,324681.62089562416,324733.4136657715,202371.0,51.79277014732361,69,0
1211350.7357025815,195,8,781300.0,781562.7360892296,1211350.7357025815,429787.9996133519,339787.9539859963,430050.73570258147,174542.0,90262.78171658516,89,0
1212313.5573475647,236,8,882950.0,883082.7971839905,1212313.5573475647,329230.76016357425,329230.76016357425,329363.5573475647,242185.0,132.79718399047852,65,0
1215117.6403032495,247,8,906392.0,906482.8114616871,1215117.6403032495,308634.8288415624,308634.8288415624,308725.64030324947,175750.0,90.81146168708801,55,0
1224391.9082121467,275,8,1152427.0,1152722.935272932,1224391.9082121467,71668.97293921467,71668.97293921467,71964.90821214672,29834.0,295.9352729320526,9,0
1228315.000010252,272,8,1123838.0,1123922.9216852188,1228315.000010252,104392.07832503319,104392.07832503319,104477.000010252,67173.0,84.92168521881104,14,0
1257293.748018837,116,32,608107.0,608402.6249370575,1257293.748018837,648891.1230817796,120410.83600935945,649186.7480188371,48371.0,528775.9120094776,50,0
1258419.6927146912,237,8,882971.0,883082.7971839905,1258419.6927146912,375336.8955307007,375336.8955307007,375448.69271469116,225554.0,111.79718399047852,70,0
1267005.226305256,206,8,797183.0,797402.7455339432,1267005.226305256,469602.4807713127,391842.44136882783,469822.2263052559,293649.0,77979.78493642807,91,0
1274590.1070970534,220,8,867773.0,867962.7844190598,1274590.1070970534,406627.3226779937,367027.30563607207,406817.10709705343,203285.0,39789.80146098137,85,0
1282067.8055175974,277,8,1281834.0,1281962.9945104122,1282067.8055175974,104.81100718514062,104.81100718514062,233.8055175973568,70.0,128.9945104122162,1,0
1283436.642279148,82,32,536369.0,536400.2392683029,1283436.642279148,747036.4030108452,110193.71224617958,747067.6422791481,47358.0,636873.9300329685,61,0
1288581.6063201237,278,8,1288221.0,1288442.998398304,1288581.6063201237,138.60792181966826,138.60792181966826,360.60632012365386,55.0,221.9983983039856,1,0
1299835.36571455,196,8,782169.0,782282.7367622852,1299835.36571455,517552.6289522648,427552.5833249092,517666.36571455,201683.0,90113.78238964081,104,0
1304633.0785425187,279,8,1297288.0,1297443.0029139519,1304633.0785425187,7190.0756285667885,7190.0756285667885,7345.078542518662,3468.0,155.00291395187378,3,0
1305023.9256085872,280,8,1302510.0,1302843.0061986446,1305023.9256085872,2180.9194099425804,2180.9194099425804,2513.9256085872184,1254.0,333.00619864463806,2,0
1309159.4110150468,276,2,1267724.0,1267922.9881682396,1309159.4110150468,41236.42284680717,41236.42284680717,41435.41101504676,48960.0,198.9881682395935,12,0
1311559.1004639387,163,32,713037.0,713162.6953799725,1311559.1004639387,598396.4050839662,116716.1603978395,598522.1004639387,50862.0,481805.94006609917,59,0
1325807.7808316231,289,8,1324301.0,1324443.0195868015,1325807.7808316231,1364.761244821595,1364.761244821595,1506.780831623124,1003.0,142.01958680152893,1,0
1325676.3477273074,287,16,1320893.0,1321203.0170755386,1325676.3477273074,4473.330651768716,4473.330651768716,4783.347727307351,4391.0,310.01707553863525,3,0
1326087.6981556178,114,32,608063.0,608402.6249370575,1326087.6981556178,717685.0732185603,125124.75432441244,718024.6981556178,47906.0,592899.9438312054,63,0
1327780.8884194852,288,8,1321479.0,1321563.0177047253,1327780.8884194852,6217.87071475992,6217.87071475992,6301.888419485185,4595.0,84.0177047252655,4,0
1329568.3449221135,285,8,1312789.0,1312923.01273489,1329568.3449221135,16645.33218722348,16645.33218722348,16779.344922113465,5589.0,134.01273488998413,8,0
1330922.3260081052,201,8,797047.0,797402.7455339432,1330922.3260081052,533519.580474162,447839.53665878763,533875.3260081052,165143.0,86035.78934931755,114,0
1331904.0201313018,283,8,1305334.0,1305363.0080788136,1331904.0201313018,26541.01205248828,26541.01205248828,26570.020131301833,10025.0,29.008078813552856,14,0
1338854.6642995835,292,8,1337543.0,1337763.0281829834,1338854.6642995835,1091.6361166001298,1091.6361166001298,1311.6642995835282,162.0,220.02818298339844,1,0
1348156.8700194359,185,32,721288.0,721442.7042889595,1348156.8700194359,626714.1657304764,137473.91254091263,626868.8700194359,56631.0,489394.95747852325,48,0
1392042.2026314735,291,8,1332601.0,1332723.0258145332,1392042.2026314735,59319.17681694031,59319.17681694031,59441.20263147354,33100.0,122.02581453323364,7,0
1403261.8365181684,207,8,797224.0,797402.7455339432,1403261.8365181684,605859.0909842253,518379.0460432768,606037.8365181684,267976.0,87658.79047489166,124,0
1407333.9462676048,227,8,880536.0,880562.7947261333,1407333.9462676048,526771.1515414715,522091.14798617363,526797.9462676048,165085.0,4706.798281431198,108,0
1412057.7086433629,299,1,1411796.0,1411923.0624883175,1412057.7086433629,134.64615504536778,134.64615504536778,261.7086433628574,149.0,127.06248831748962,1,0
1413016.9187874014,300,1,1412342.0,1412643.0637807846,1413016.9187874014,373.85500661679544,373.85500661679544,674.9187874014024,340.0,301.06378078460693,2,0
1414104.4646234512,298,8,1403263.0,1403283.0579125881,1414104.4646234512,10821.406710863113,10821.406710863113,10841.464623451233,3375.0,20.057912588119507,7,0
1426620.955106371,302,1,1414218.0,1414443.0660016537,1426620.955106371,12177.889104717411,12177.889104717411,12402.955106371082,11695.0,225.06600165367126,1,0
1429971.746961975,273,8,1128947.0,1128962.9242722988,1429971.746961975,301008.8226896762,299568.82164564123,301024.746961975,165572.0,1455.9253163337708,61,0
1434587.3004873514,303,8,1426795.0,1427043.0720934868,1434587.3004873514,7544.228393864585,7544.228393864585,7792.300487351371,5673.0,248.0720934867859,2,0
1436334.763048625,301,8,1412668.0,1413003.0644390583,1436334.763048625,23331.69860956678,23331.69860956678,23666.763048625086,6716.0,335.06443905830383,7,0
1467865.4733890838,296,16,1386117.0,1386363.04941988,1467865.4733890838,81502.42396920384,81502.42396920384,81748.47338908375,85497.0,246.04941987991333,17,0
1474214.8739457608,295,8,1379132.0,1379163.0461423397,1474214.8739457608,95051.82780342107,95051.82780342107,95082.87394576077,39028.0,31.04614233970642,20,0
1480965.032265687,234,8,882891.0,883082.7971839905,1480965.032265687,597882.2350816964,564042.2193713426,598074.0322656869,165172.0,34031.81289434433,120,0
1482919.5071765184,115,32,608085.0,608402.6249370575,1482919.5071765184,874516.882239461,157036.5017157793,874834.5071765184,64338.0,717798.0054607391,70,0
1503498.4405832926,310,1,1503132.0,1503363.1089406013,1503498.4405832926,135.33164269127883,135.33164269127883,366.4405832926277,35.0,231.10894060134888,1,0
1506580.461722981,239,8,883033.0,883082.7971839905,1506580.461722981,623497.6645389905,587137.6472119202,623547.461722981,203661.0,36409.814511060715,126,0
1518677.2920744896,312,8,1518369.0,1518483.1170077324,1518677.2920744896,194.17506675724871,194.17506675724871,308.2920744896401,87.0,114.11700773239136,1,0
1523321.4103347682,315,8,1521857.0,1522083.1203975677,1523321.4103347682,1238.2899372004904,1238.2899372004904,1464.4103347682394,1006.0,226.12039756774902,1,0
1523293.4402775287,313,8,1520452.0,1520643.1188237667,1523293.4402775287,2650.321453762008,2650.321453762008,2841.4402775287163,1000.0,191.11882376670837,3,0
1524486.8320528984,304,8,1465408.0,1465563.0896115303,1524486.8320528984,58923.74244136806,58923.74244136806,59078.83205289836,26721.0,155.08961153030396,19,0
1526716.401533556,215,8,825355.0,825482.7616198063,1526716.401533556,701233.6399137496,606553.597358179,701361.4015335559,170465.0,94807.80417537689,159,0
1527716.8328106166,316,8,1523224.0,1523523.1214373112,1527716.8328106166,4193.711373305414,4193.711373305414,4492.832810616586,2256.0,299.1214373111725,5,0
1530749.200565815,314,8,1521417.0,1521723.1197724342,1530749.200565815,9026.080793380737,9026.080793380737,9332.200565814972,3628.0,306.1197724342346,8,0
1538671.1233708477,208,8,797245.0,797402.7455339432,1538671.1233708477,741268.3778369045,616348.3164310073,741426.1233708477,305793.0,125077.80693984032,159,0
1543919.797458887,284,8,1310654.0,1310763.0111033916,1543919.797458887,233156.78635549545,233156.78635549545,233265.7974588871,178596.0,109.01110339164734,61,0
1548331.3045569991,307,8,1495898.0,1496163.1051371098,1548331.3045569991,52168.199419889366,52168.199419889366,52433.30455699912,29521.0,265.10513710975647,20,0
1570983.1611903668,319,8,1569084.0,1569243.1451609135,1570983.1611903668,1740.0160294533707,1740.0160294533707,1899.1611903668381,1009.0,159.1451609134674,1,0
1574615.60928923,306,1,1493489.0,1493643.1035203934,1574615.60928923,80972.50576883671,80972.50576883671,81126.60928923008,72493.0,154.10352039337158,24,0
1585202.847131033,205,8,797163.0,797402.7455339432,1585202.847131033,787800.1015970898,644880.0309615326,788039.847131033,281881.0,143159.81616950035,161,0
1590909.5884176826,274,8,1145059.0,1145162.9317929745,1590909.5884176826,445746.6566247081,416586.6444696521,445850.58841768256,158099.0,29263.94394803047,94,0
1592105.6137088966,309,1,1502090.0,1502283.1080143452,1592105.6137088966,89822.5056945514,89822.5056945514,90015.61370889656,41827.0,193.10801434516907,25,0
1619817.959055233,311,1,1517413.0,1517763.116187334,1619817.959055233,102054.84286789899,102054.84286789899,102404.95905523305,72243.0,350.11618733406067,22,0
1625434.9493243694,324,2,1625098.0,1625403.1707787514,1625434.9493243694,31.77854561805725,31.77854561805725,336.94932436943054,19.0,305.1707787513733,1,0
1625438.591043768,325,2,1625114.0,1625403.1707787514,1625438.591043768,35.420265016611665,35.420265016611665,324.59104376798496,23.0,289.1707787513733,1,0
1658264.4368446828,290,8,1325863.0,1325883.0206308365,1658264.4368446828,332381.4162138463,332381.4162138463,332401.4368446828,197214.0,20.020630836486816,65,0
1659961.1405105828,162,32,713016.0,713162.6953799725,1659961.1405105828,946798.4451306104,185038.05466058245,946945.1405105828,49351.0,761907.0858500004,62,0
1670370.8163195848,81,32,536346.0,536400.2392683029,1670370.8163195848,1133970.577051282,201567.7345689535,1134024.8163195848,50430.0,932457.0817506313,73,0
1678029.4680449008,167,32,713105.0,713522.6958975792,1678029.4680449008,964506.7721473216,196266.3766316413,964924.4680449008,53301.0,768658.0914132595,55,0
1680219.9682476043,232,32,882861.0,883082.7971839905,1680219.9682476043,797137.1710636138,211416.8729691028,797358.9682476043,47159.0,585942.0952785015,33,0
1686288.9027399349,327,8,1686049.0,1686243.198134184,1686288.9027399349,45.704605750972405,45.704605750972405,239.90273993485607,19.0,194.19813418388367,1,0
1686317.5424334144,328,8,1686053.0,1686243.198134184,1686317.5424334144,74.34429923049174,74.34429923049174,264.5424334143754,23.0,190.19813418388367,1,0
1686782.2077826262,293,8,1369645.0,1369803.0420072079,1686782.2077826262,316979.1657754183,316979.1657754183,317137.20778262615,99640.0,158.04200720787048,63,0
1692336.2622289355,326,1,1681767.0,1681923.1959693432,1692336.2622289355,10413.066259592306,10413.066259592306,10569.262228935491,10644.0,156.19596934318542,4,0
1698255.7409814834,281,8,1305325.0,1305363.0080788136,1698255.7409814834,392892.7329026698,392892.7329026698,392930.74098148337,306101.0,38.008078813552856,84,0
1700302.7963257444,334,1,1700155.0,1700283.2061953545,1700302.7963257444,19.590130389900878,19.590130389900878,147.79632574436255,7.0,128.20619535446167,1,0
1745163.8255817508,294,8,1379111.0,1379163.0461423397,1745163.8255817508,366000.7794394111,366000.7794394111,366052.82558175083,220006.0,52.04614233970642,70,0
1765814.9842260925,297,8,1398481.0,1398603.0555679798,1765814.9842260925,367211.92865811265,367211.92865811265,367333.98422609246,210364.0,122.05556797981262,68,0
1766511.0786436556,305,8,1470258.0,1470603.092508316,1766511.0786436556,295907.9861353396,295907.9861353396,296253.07864365564,229668.0,345.09250831604004,53,0
1793793.275756607,323,8,1569104.0,1569243.1451609135,1793793.275756607,224550.1305956936,224550.1305956936,224689.27575660706,89457.0,139.1451609134674,29,0
1813049.1787808419,339,8,1812761.0,1812963.2554585934,1813049.1787808419,85.92332224850543,85.92332224850543,288.17878084187396,41.0,202.25545859336853,1,0
1817586.9607429027,338,8,1777725.0,1778043.2408661842,1817586.9607429027,39543.719876718475,39543.719876718475,39861.96074290271,30917.0,318.2408661842346,4,0
1819236.6785421371,166,32,713081.0,713162.6953799725,1819236.6785421371,1106073.9831621647,216153.52781391144,1106155.6785421371,53117.0,890002.1507282257,53,0
1830083.868266654,308,8,1495923.0,1496163.1051371098,1830083.868266654,333920.7631295442,333920.7631295442,334160.86826665397,162955.0,240.10513710975647,55,0
1830367.2882144928,341,8,1830117.0,1830243.2640714645,1830367.2882144928,124.02414302830584,124.02414302830584,250.28821449284442,66.0,126.26407146453857,1,0
1831053.543151617,342,8,1830719.0,1830963.265181303,1831053.543151617,90.27797031402588,90.27797031402588,334.54315161705017,44.0,244.2651813030243,1,0
1833289.620424986,340,8,1830030.0,1830243.2640714645,1833289.620424986,3046.356353521347,3046.356353521347,3259.6204249858856,796.0,213.26407146453857,4,0
1838624.9307955503,286,32,1318133.0,1318323.015421152,1838624.9307955503,520301.91537439823,227981.76772773266,520491.93079555035,31715.0,292510.1630678177,36,0
1841253.1294521093,343,8,1840819.0,1841043.271061182,1841253.1294521093,209.85839092731476,209.85839092731476,434.12945210933685,72.0,224.2710611820221,1,0
1852619.788235426,43,32,271128.0,271440.12202835083,1852619.788235426,1581179.6662070751,373376.69226551056,1581491.788235426,58676.0,1208115.0959699154,99,0
1854661.351314926,231,32,882838.0,883082.7971839905,1854661.351314926,971578.5541309356,249418.1928378581,971823.351314926,55625.0,722405.158477068,44,0
1859478.5234986523,112,32,608019.0,608042.6243610382,1859478.5234986523,1251435.899137614,256755.3823991993,1251459.5234986523,54887.0,994704.141099453,82,0
1864646.1221842861,321,8,1569092.0,1569243.1451609135,1864646.1221842861,295402.97702337266,295402.97702337266,295554.1221842861,182355.0,151.1451609134674,45,0
1867370.048272047,344,8,1866987.0,1867323.2839007378,1867370.048272047,46.76437130919658,46.76437130919658,383.048272046959,17.0,336.28390073776245,1,0
1870148.405261259,345,8,1867142.0,1867323.2839007378,1870148.405261259,2825.121360521298,2825.121360521298,3006.4052612590604,1862.0,181.28390073776245,3,0
1875054.8380442143,322,8,1569101.0,1569243.1451609135,1875054.8380442143,305811.6928833008,305811.6928833008,305953.8380442143,220701.0,142.1451609134674,50,0
1879240.0144562912,337,8,1733589.0,1733763.2215559483,1879240.0144562912,145476.79290034296,145476.79290034296,145651.01445629122,75632.0,174.22155594825745,27,0
1903596.9799345494,352,8,1901989.0,1902243.3023383617,1903596.9799345494,1353.6775961876847,1353.6775961876847,1607.9799345494248,1009.0,254.3023383617401,1,0
1904780.3075704097,348,8,1901145.0,1901163.3009765148,1904780.3075704097,3617.006593894912,3617.006593894912,3635.307570409728,1003.0,18.300976514816284,5,0
1906239.0598959827,346,8,1869053.0,1869123.2857544422,1906239.0598959827,37115.77414154052,37115.77414154052,37186.05989598273,29514.0,70.28575444221497,11,0
1909010.0947768497,268,8,1118075.0,1118162.916053772,1909010.0947768497,790847.1787230778,757367.1636419105,790935.0947768497,603739.0,33567.931134939194,157,0
1916151.432437539,349,8,1901438.0,1901523.3015341759,1916151.432437539,14628.130903363228,14628.130903363228,14713.4324375391,10141.0,85.3015341758728,8,0
1919399.1936206913,354,1,1909892.0,1910163.3087010384,1919399.1936206913,9235.884919652948,9235.884919652948,9507.193620691309,7180.0,271.3087010383606,2,0
1919905.3591004943,357,1,1909919.0,1910163.3087010384,1919905.3591004943,9742.05039945594,9742.05039945594,9986.359100494301,6228.0,244.3087010383606,3,0
1920168.2017896175,353,1,1903803.0,1904043.303984642,1920168.2017896175,16124.89780497551,16124.89780497551,16365.201789617538,11234.0,240.3039846420288,7,0
1922654.541605711,355,1,1909902.0,1910163.3087010384,1922654.541605711,12491.232904672623,12491.232904672623,12752.541605710983,8691.0,261.3087010383606,4,0
1923171.296243143,356,1,1909911.0,1910163.3087010384,1923171.296243143,13007.987542104675,13007.987542104675,13260.296243143035,8608.0,252.3087010383606,5,0
1923451.1535160637,360,1,1909968.0,1910163.3087010384,1923451.1535160637,13287.844815025339,13287.844815025339,13483.1535160637,8690.0,195.3087010383606,5,0
1923450.2404401493,362,1,1909989.0,1910163.3087010384,1923450.2404401493,13286.931739110965,13286.931739110965,13461.240440149326,10158.0,174.3087010383606,5,0
1923958.6680106735,363,1,1910006.0,1910163.3087010384,1923958.6680106735,13795.359309635125,13795.359309635125,13952.668010673486,10996.0,157.3087010383606,6,0
1925961.6973442554,358,1,1909929.0,1910163.3087010384,1925961.6973442554,15798.38864321704,15798.38864321704,16032.6973442554,10946.0,234.3087010383606,8,0
1927063.853640833,359,1,1909959.0,1910163.3087010384,1927063.853640833,16900.544939794578,16900.544939794578,17104.85364083294,10801.0,204.3087010383606,9,0
1928547.2485246372,335,8,1721307.0,1721523.2156829834,1928547.2485246372,207024.0328416538,207024.0328416538,207240.2485246372,157503.0,216.21568298339844,49,0
1929008.6814528594,361,1,1909979.0,1910163.3087010384,1929008.6814528594,18845.372751821065,18845.372751821065,19029.681452859426,11301.0,184.3087010383606,11,0
1930690.6626603222,365,8,1929234.0,1929243.3221681118,1930690.6626603222,1447.340492210351,1447.340492210351,1456.662660322152,1244.0,9.322168111801147,1,0
1933434.8829746246,317,8,1524994.0,1525323.1233849525,1933434.8829746246,408111.7595896721,408111.7595896721,408440.88297462463,227705.0,329.12338495254517,82,0
1938913.1602666855,364,8,1924498.0,1924563.3184137344,1938913.1602666855,14349.841852951096,14349.841852951096,14415.160266685532,7275.0,65.31841373443604,7,0
1946390.8152801513,347,8,1895504.0,1895763.2983400822,1946390.8152801513,50627.51694006915,50627.51694006915,50886.81528015132,30036.0,259.2983400821686,24,0
1951108.6910061836,333,8,1686335.0,1686603.198742628,1951108.6910061836,264505.4922635555,264505.4922635555,264773.6910061836,206597.0,268.19874262809753,61,0
1963215.6135107605,330,8,1686174.0,1686243.198134184,1963215.6135107605,276972.4153765766,276972.4153765766,277041.6135107605,207991.0,69.19813418388367,63,0
1966351.6185346604,320,8,1569089.0,1569243.1451609135,1966351.6185346604,397108.47337374697,397108.47337374697,397262.61853466043,186945.0,154.1451609134674,79,0
1971744.5954245003,329,8,1686170.0,1686243.198134184,1971744.5954245003,285501.3972903164,285501.3972903164,285574.5954245003,206830.0,73.19813418388367,65,0
1972049.6594282151,318,8,1525800.0,1526043.1242675781,1972049.6594282151,446006.535160637,446006.535160637,446249.6594282151,299106.0,243.124267578125,87,0
1973194.6550577944,282,8,1305330.0,1305363.0080788136,1973194.6550577944,667831.6469789809,667831.6469789809,667864.6550577944,345403.0,33.008078813552856,146,0
2008126.370883131,336,8,1732909.0,1733043.22063756,2008126.370883131,275083.15024557104,275083.15024557104,275217.37088313093,160291.0,134.22063755989075,66,0
2028517.1839620157,374,1,2006980.0,2007003.3589861393,2028517.1839620157,21513.82497587637,21513.82497587637,21537.183962015668,20508.0,23.358986139297485,3,0
2029859.7340582656,375,8,2027514.0,2027523.3677339554,2029859.7340582656,2336.366324310191,2336.366324310191,2345.7340582655743,1748.0,9.3677339553833,2,0
2032569.3501708508,373,8,2005827.0,2005923.3581192493,2032569.3501708508,26645.99205160141,26645.99205160141,26742.350170850754,21498.0,96.35811924934387,6,0
2033321.0329527378,372,8,2002402.0,2002683.356386423,2033321.0329527378,30637.67656631465,30637.67656631465,30919.03295273776,26752.0,281.35638642311096,8,0
2036395.3325522614,371,8,2002059.0,2002323.3557715416,2036395.3325522614,34071.97678071982,34071.97678071982,34336.33255226142,27694.0,264.35577154159546,10,0
2046516.5925289725,370,8,1999201.0,1999443.3539719582,2046516.5925289725,47073.23855701438,47073.23855701438,47315.59252897254,28474.0,242.3539719581604,12,0
2056405.0301724626,350,8,1901981.0,1902243.3023383617,2056405.0301724626,154161.72783410084,154161.72783410084,154424.03017246258,118514.0,262.3023383617401,42,0
2059116.9175029884,377,8,2029924.0,2030043.3697152138,2059116.9175029884,29073.547787774587,29073.547787774587,29192.917502988363,27291.0,119.36971521377563,6,0
2109666.587739515,332,8,1686310.0,1686603.198742628,2109666.587739515,423063.388996887,423063.388996887,423356.5877395151,333078.0,293.19874262809753,86,0
2116851.097107458,376,8,2028266.0,2028603.368720293,2116851.097107458,88247.72838716488,88247.72838716488,88585.09710745793,68744.0,337.36872029304504,12,0
2129551.4765244485,351,8,1901985.0,1902243.3023383617,2129551.4765244485,227308.17418608675,227308.17418608675,227566.4765244485,198407.0,258.3023383617401,49,0
2143774.4276763536,331,8,1686300.0,1686603.198742628,2143774.4276763536,457171.2289337255,457171.2289337255,457474.4276763536,265799.0,303.19874262809753,90,0
2191762.2634754465,385,8,2142372.0,2142723.4196078777,2191762.2634754465,49038.843867568765,49038.843867568765,49390.263475446496,38592.0,351.4196078777313,2,0
2197236.4916682243,366,8,1981642.0,1981803.3463845253,2197236.4916682243,215433.14528369904,215433.14528369904,215594.49166822433,172916.0,161.34638452529907,26,0
2202663.945780468,383,8,2098005.0,2098083.4003140926,2202663.945780468,104580.54546637554,104580.54546637554,104658.94578046817,73724.0,78.40031409263611,9,0
2217588.18971601,384,32,2098389.0,2098443.4010396004,2217588.18971601,119144.78867640952,119144.78867640952,119199.18971600989,107515.0,54.401039600372314,9,0
2253732.8760059574,368,8,1982050.0,1982163.3470816612,2253732.8760059574,271569.52892429614,271569.52892429614,271682.87600595737,224076.0,113.34708166122437,28,0
2260624.5086659733,367,8,1981648.0,1981803.3463845253,2260624.5086659733,278821.162281448,278821.162281448,278976.5086659733,179452.0,155.34638452529907,30,0
2271283.9124908014,369,8,1982061.0,1982163.3470816612,2271283.9124908014,289120.5654091402,289120.5654091402,289222.9124908014,234050.0,102.34708166122437,30,0
2326510.6785027287,387,32,2293270.0,2293563.4792928696,2326510.6785027287,32947.19920985913,32947.19920985913,33240.6785027287,34218.0,293.47929286956787,1,0
2336327.136906338,388,32,2334215.0,2334243.4957585335,2336327.136906338,2083.6411478044465,2083.6411478044465,2112.1369063379243,2139.0,28.495758533477783,1,0
2344627.343715715,378,8,2073710.0,2073963.3899066448,2344627.343715715,270663.9538090704,270663.9538090704,270917.3437157152,211981.0,253.38990664482117,23,0
2362475.387995539,389,32,2338019.0,2338203.4982795715,2362475.387995539,24271.889715967234,24271.889715967234,24456.387995538767,4266.0,184.4982795715332,5,0
2364904.547682209,380,8,2073718.0,2073963.3899066448,2364904.547682209,290941.1577755641,290941.1577755641,291186.54768220894,233642.0,245.38990664482117,26,0
2366932.2301169634,399,8,2344695.0,2345043.5029017925,2366932.2301169634,21888.72721517086,21888.72721517086,22237.230116963387,10596.0,348.50290179252625,3,0
2454659.7015353395,379,8,2073715.0,2073963.3899066448,2454659.7015353395,380696.31162869465,380696.31162869465,380944.70153533947,232109.0,248.38990664482117,28,0
2477994.226670904,382,8,2097983.0,2098083.4003140926,2477994.226670904,379910.82635681145,379910.82635681145,380011.2266709041,237606.0,100.40031409263611,28,0
2497813.8376519377,390,32,2342272.0,2342523.500587702,2497813.8376519377,155290.33706423594,155290.33706423594,155541.83765193773,149697.0,251.50058770179749,9,0
2556378.7820623573,397,8,2343820.0,2343963.5015900135,2556378.7820623573,212415.2804723438,212415.2804723438,212558.7820623573,171272.0,143.50159001350403,9,0
2560095.884581596,395,8,2343812.0,2343963.5015900135,2560095.884581596,216132.38299158262,216132.38299158262,216283.88458159612,167307.0,151.50159001350403,10,0
2568839.632007772,392,8,2343795.0,2343963.5015900135,2568839.632007772,224876.1304177586,224876.1304177586,225044.6320077721,175491.0,168.50159001350403,11,0
2593683.65661273,381,8,2097925.0,2098083.4003140926,2593683.65661273,495600.2562986375,495600.2562986375,495758.6566127301,401456.0,158.4003140926361,33,0
2623197.42895627,386,8,2293152.0,2293203.478740692,2623197.42895627,329993.9502155781,329993.9502155781,330045.4289562702,265651.0,51.47874069213867,20,0
2635951.666707169,398,8,2343823.0,2343963.5015900135,2635951.666707169,291988.1651171553,291988.1651171553,292128.6667071688,228667.0,140.50159001350403,14,0
2637359.893756342,393,8,2343799.0,2343963.5015900135,2637359.893756342,293396.3921663286,293396.3921663286,293560.8937563421,171653.0,164.50159001350403,15,0
2641365.1320939064,396,8,2343816.0,2343963.5015900135,2641365.1320939064,297401.6305038929,297401.6305038929,297549.1320939064,207514.0,147.50159001350403,16,0
2653804.6205039024,391,8,2343792.0,2343963.5015900135,2653804.6205039024,309841.11891388893,309841.11891388893,310012.62050390244,191067.0,171.50159001350403,17,0
2666872.4377620392,394,8,2343802.0,2343963.5015900135,2666872.4377620392,322908.93617202574,322908.93617202574,323070.43776203925,171545.0,161.50159001350403,18,0
